229EAY	https://www.tfcstats.com/pickup/fun-stuff-openfire-lowgrens-oct-20-2025
22CDK6	https://www.tfcstats.com/pickup/fun-stuff-central-raiden9-may-8-2026
23UDUF	https://www.tfcstats.com/pickup/fun-stuff-central-phantom-lg-nov-30-2025
248EM3	https://www.tfcstats.com/pickup/fun-stuff-central-toasted-b16-mar-22-2026
24B5F7	https://www.tfcstats.com/pickup/fun-stuff-east-openfire-lowgrens-feb-15-2026
24K3BD	https://www.tfcstats.com/pickup/fun-stuff-east-blutopia-tfp-dec-5-2025
252VVH	https://www.tfcstats.com/pickup/fun-stuff-alchimy-lg-oct-21-2025
2596T3	https://www.tfcstats.com/pickup/fun-stuff-central-waterwar-lg-dec-14-2025
263BU4	https://www.tfcstats.com/pickup/fun-stuff-round-1-score-59-breakout-ost-b2-dec-31-1969-1
26M8WC	https://www.tfcstats.com/pickup/fun-stuff-east-cranked-jun-19-2026
27UALV	https://www.tfcstats.com/pickup/fun-stuff-east-datchurch-dec-25-2025
27UK5R	https://www.tfcstats.com/pickup/fun-stuff-central-phantom-lg-dec-29-2025-1
28R24M	https://www.tfcstats.com/pickup/fun-stuff-snow-gutter-oct-20-2025
28S5PB	https://www.tfcstats.com/pickup/fun-stuff-monkey-lg-nov-3-2025
29FVXQ	https://www.tfcstats.com/pickup/fun-stuff-east-stormz2-lg-jun-9-2026
29FYUQ	https://www.tfcstats.com/pickup/fun-stuff-central-raiden9-nov-16-2025-1
2A5B86	https://www.tfcstats.com/pickup/fun-stuff-central-phantom-lg-may-3-2026
2ABY48	https://www.tfcstats.com/pickup/fun-stuff-central-openfire-lowgrens-jan-7-2026
2AEL76	https://www.tfcstats.com/pickup/fun-stuff-central-blutopia-tfp-may-20-2026
2AXVFF	https://www.tfcstats.com/pickup/fun-stuff-east-openfire-lowgrens-feb-25-2026
2BZS4D	https://www.tfcstats.com/pickup/fun-stuff-central-raiden9-mar-13-2026
2CQ2RF	https://www.tfcstats.com/pickup/fun-stuff-central-massive2-b7-may-3-2026
2CR6DW	https://www.tfcstats.com/pickup/fun-stuff-central-stormz2-lg-jan-31-2026
2DDT42	https://www.tfcstats.com/pickup/fun-stuff-east-shutdown2-lg2-feb-26-2026
2DP6MC	https://www.tfcstats.com/pickup/fun-stuff-east-toasted-b16-apr-24-2026
2DQ2ES	https://www.tfcstats.com/pickup/fun-stuff-central-viridian-apr-6-2026
2EV5AQ	https://www.tfcstats.com/pickup/fun-stuff-central-castra-b5-nov-23-2025
2F9CPQ	https://www.tfcstats.com/pickup/fun-stuff-central-schtop-feb-17-2026
2FU7JV	https://www.tfcstats.com/pickup/fun-stuff-east-fry-baked-lg-nov-16-2025
2FYPLB	https://www.tfcstats.com/pickup/fun-stuff-east-schtop-apr-4-2026
2HBTPK	https://www.tfcstats.com/pickup/fun-stuff-east-snow-gutter-mar-22-2026
2HCKRR	https://www.tfcstats.com/pickup/fun-stuff-central-toasted-b16-jun-20-2026
2HLU2S	https://www.tfcstats.com/pickup/fun-stuff-east-blutopia-tfp-mar-17-2026
2HM6GE	https://www.tfcstats.com/pickup/fun-stuff-central-stormz2-lg-feb-9-2026
2HVMTK	https://www.tfcstats.com/pickup/fun-stuff-central-demolish2-b6-mar-29-2026
2J3MGW	https://www.tfcstats.com/pickup/fun-stuff-east-raiden9-feb-26-2026
2KGRJP	https://www.tfcstats.com/pickup/fun-stuff-monkey-lg-oct-28-2025
2KWFBX	https://www.tfcstats.com/pickup/fun-stuff-east-schtop-jun-5-2026
2NFRCF	https://www.tfcstats.com/pickup/fun-stuff-central-fry-baked-lg-may-14-2026
2NLN56	https://www.tfcstats.com/pickup/fun-stuff-east-siege-jan-30-2026
2NPFWF	https://www.tfcstats.com/pickup/fun-stuff-east-torch2-mar-15-2026
2P8N8Y	https://www.tfcstats.com/pickup/fun-stuff-central-monkey-lg-may-3-2026
2PBB77	https://www.tfcstats.com/pickup/fun-stuff-east-waterwar-lg-apr-24-2026
2PSMTQ	https://www.tfcstats.com/pickup/fun-stuff-central-cranked-jan-27-2026
2PZF8P	https://www.tfcstats.com/pickup/fun-stuff-central-cranked-jan-23-2026
2Q368C	https://www.tfcstats.com/pickup/fun-stuff-round-1-score-110-blutopia-tfp-oct-14-2025
2SEGYH	https://www.tfcstats.com/pickup/fun-stuff-central2-stormz2-lg-jun-11-2026
2SPX7T	https://www.tfcstats.com/pickup/fun-stuff-alchimy-lg-oct-24-2025
2STT8N	https://www.tfcstats.com/pickup/fun-stuff-east-stowaway2-lg2-feb-22-2026
2SY59H	https://www.tfcstats.com/pickup/fun-stuff-central-stormz2-lg-dec-28-2025-1
2T72MH	https://www.tfcstats.com/pickup/fun-stuff-west-monkey-lg-jun-17-2026
2TP82A	https://www.tfcstats.com/pickup/fun-stuff-east-schtop-may-28-2026
2TX8HH	https://www.tfcstats.com/pickup/fun-stuff-central-stormz2-lg-apr-4-2026
2U5YQV	https://www.tfcstats.com/pickup/fun-stuff-round-1-score-40-monkey-lg-oct-17-2025
2V7XH4	https://www.tfcstats.com/pickup/fun-stuff-central-blutopia-tfp-jan-5-2026
2VDFP7	https://www.tfcstats.com/pickup/fun-stuff-east-alchimy-lg-feb-27-2026
2VDU6W	https://www.tfcstats.com/pickup/fun-stuff-east-blutopia-tfp-may-24-2026
2VQ8QT	https://www.tfcstats.com/pickup/fun-stuff-east-monkey-lg-feb-27-2026
2XAJLH	https://www.tfcstats.com/pickup/fun-stuff-east-phantom-lg-may-11-2026
2XKF5Y	https://www.tfcstats.com/pickup/fun-stuff-central-stormz2-lg-apr-22-2026
2XRPUF	https://www.tfcstats.com/pickup/fun-stuff-central-phantom-lg-mar-18-2026
2Y6VFC	https://www.tfcstats.com/pickup/fun-stuff-central-openfire-lowgrens-mar-27-2026
2YL8WB	https://www.tfcstats.com/pickup/fun-stuff-east-torch2-feb-21-2026
2YPKFV	https://www.tfcstats.com/pickup/fun-stuff-central-monkey-lg-dec-9-2025
2YR66U	https://www.tfcstats.com/pickup/fun-stuff-viridian-oct-22-2025
2ZBT5S	https://www.tfcstats.com/pickup/fun-stuff-east-stowaway2-lg2-jun-15-2026-1
2ZKRDH	https://www.tfcstats.com/pickup/fun-stuff-central-demolish2-b4r-nov-22-2025-1
2ZT4LZ	https://www.tfcstats.com/pickup/fun-stuff-central-schtop-apr-26-2026
3229HL	https://www.tfcstats.com/pickup/fun-stuff-central-stormz2-lg-mar-13-2026-1
324LS5	https://www.tfcstats.com/pickup/fun-stuff-central-schtop-dec-20-2025
3269C3	https://www.tfcstats.com/pickup/fun-stuff-central-stormz2-lg-dec-30-2025
32GCRW	https://www.tfcstats.com/pickup/fun-stuff-central-monkey-lg-jan-7-2026
32PF6S	https://www.tfcstats.com/pickup/fun-stuff-central-orbit-tfp-feb-16-2026
33HNVE	https://www.tfcstats.com/pickup/fun-stuff-east-cranked-mar-3-2026
34R7TT	https://www.tfcstats.com/pickup/fun-stuff-east-monkey-lg-jan-2-2026
35PP9H	https://www.tfcstats.com/pickup/fun-stuff-east-raiden9-feb-7-2026
35W5TW	https://www.tfcstats.com/pickup/fun-stuff-fry-baked-lg-nov-1-2025
36BUFF	https://www.tfcstats.com/pickup/fun-stuff-central-blutopia-tfp-mar-4-2026
37HHDF	https://www.tfcstats.com/pickup/fun-stuff-east-phantom-lg-jan-6-2026
37UATD	https://www.tfcstats.com/pickup/fun-stuff-central2-alchimy-lg-jun-14-2026
37ZQ3K	https://www.tfcstats.com/pickup/fun-stuff-east-phantom-lg-jan-4-2026
394RAH	https://www.tfcstats.com/pickup/fun-stuff-central-stormz2-lg-dec-9-2025
39EXC3	https://www.tfcstats.com/pickup/fun-stuff-central-alchimy-lg-dec-6-2025
39QCK6	https://www.tfcstats.com/pickup/fun-stuff-east-stormz2-lg-nov-29-2025
39ZETE	https://www.tfcstats.com/pickup/fun-stuff-east-phantom-lg-may-2-2026
3A9KZA	https://www.tfcstats.com/pickup/fun-stuff-round-1-score-50-alchimy-lg-oct-14-2025
3BZSSG	https://www.tfcstats.com/pickup/fun-stuff-central-cranked-may-14-2026
3C8PVD	https://www.tfcstats.com/pickup/fun-stuff-east-demolish2-b6-may-24-2026
3CJEPE	https://www.tfcstats.com/pickup/fun-stuff-central-cranked-apr-15-2026
3CRQ26	https://www.tfcstats.com/pickup/fun-stuff-central-alchimy-lg-mar-7-2026
3ECMA3	https://www.tfcstats.com/pickup/fun-stuff-east-alchimy-lg-nov-29-2025
3FBJND	https://www.tfcstats.com/pickup/fun-stuff-east-monkey-lg-mar-2-2026
3GEVVE	https://www.tfcstats.com/pickup/fun-stuff-east-siege-feb-28-2026
3GPGS2	https://www.tfcstats.com/pickup/fun-stuff-central-stormz2-lg-jan-22-2026-1
3GQP9S	https://www.tfcstats.com/pickup/fun-stuff-east-stormz2-lg-feb-23-2026
3HFTAH	https://www.tfcstats.com/pickup/fun-stuff-central-siege-mar-22-2026
3HR45K	https://www.tfcstats.com/pickup/fun-stuff-east-demolish2-b6-mar-8-2026
3JF8C7	https://www.tfcstats.com/pickup/fun-stuff-central-castra-b5-nov-30-2025
3JH8PQ	https://www.tfcstats.com/pickup/fun-stuff-central-fry-baked-lg-jan-23-2026
3K4TJZ	https://www.tfcstats.com/pickup/fun-stuff-central-cranked-may-31-2026
3KBLE3	https://www.tfcstats.com/pickup/fun-stuff-central-siden-lg-dec-13-2025
3LALYU	https://www.tfcstats.com/pickup/fun-stuff-central-alchimy-lg-may-5-2026
3M2TAZ	https://www.tfcstats.com/pickup/fun-stuff-raiden9-oct-25-2025
3NMGRV	https://www.tfcstats.com/pickup/fun-stuff-central-stormz2-lg-dec-11-2025
3NP3KZ	https://www.tfcstats.com/pickup/fun-stuff-east-phantom-lg-apr-9-2026
3NQD46	https://www.tfcstats.com/pickup/fun-stuff-central-raiden9-mar-5-2026
3PCMH5	https://www.tfcstats.com/pickup/fun-stuff-central-orbit-tfp-mar-17-2026
3QSR7W	https://www.tfcstats.com/pickup/fun-stuff-central-monkey-lg-jun-7-2026
3RT832	https://www.tfcstats.com/pickup/fun-stuff-east-raiden9-feb-23-2026
3SAMJW	https://www.tfcstats.com/pickup/fun-stuff-central-nexus-b4-apr-9-2026
3SMWTR	https://www.tfcstats.com/pickup/fun-stuff-central-stormz2-lg-jan-19-2026
3UAS2D	https://www.tfcstats.com/pickup/fun-stuff-central-phantom-lg-apr-22-2026
3VLP32	https://www.tfcstats.com/pickup/fun-stuff-east-alchimy-lg-mar-16-2026
3VSFHK	https://www.tfcstats.com/pickup/fun-stuff-east-openfire-lowgrens-jan-10-2026
3WMSKK	https://www.tfcstats.com/pickup/fun-stuff-central-congestus-lg-nov-21-2025
3WS9UJ	https://www.tfcstats.com/pickup/fun-stuff-east-voltage-lg-feb-20-2026
3X8NAK	https://www.tfcstats.com/pickup/fun-stuff-phantom-lg-oct-26-2025-1
3XS68Y	https://www.tfcstats.com/pickup/fun-stuff-central-demolish2-b5-jan-2-2026
3XYP5F	https://www.tfcstats.com/pickup/fun-stuff-east-cranked-jun-15-2026
3YDUQP	https://www.tfcstats.com/pickup/fun-stuff-phantom-lg-oct-30-2025
3Z68AG	https://www.tfcstats.com/pickup/fun-stuff-central-openfire-lowgrens-may-15-2026
3ZGE95	https://www.tfcstats.com/pickup/fun-stuff-central-stormz2-lg-jan-14-2026
42PTYY	https://www.tfcstats.com/pickup/fun-stuff-central-proton-l-dec-1-2025
44LYJN	https://www.tfcstats.com/pickup/fun-stuff-east-shutdown2-lg2-may-21-2026
47APRT	https://www.tfcstats.com/pickup/fun-stuff-east-schtop-jan-2-2026
48U9VG	https://www.tfcstats.com/pickup/fun-stuff-east-fry-baked-lg-jan-1-2026
49DLXG	https://www.tfcstats.com/pickup/fun-stuff-east-monkey-lg-may-1-2026
4BBQ66	https://www.tfcstats.com/pickup/fun-stuff-central-monkey-lg-nov-9-2025
4BECBC	https://www.tfcstats.com/pickup/fun-stuff-round-1-score-20-stowaway2-lg2-oct-15-2025
4CBNJR	https://www.tfcstats.com/pickup/fun-stuff-central-shutdown2-lg2-feb-14-2026
4DZBXJ	https://www.tfcstats.com/pickup/fun-stuff-central-pitfall-jan-7-2026
4EPV2B	https://www.tfcstats.com/pickup/fun-stuff-central-alchimy-lg-dec-14-2025
4F8HTA	https://www.tfcstats.com/pickup/fun-stuff-round-1-score-110-alchimy-lg-oct-17-2025-1
4FV6YK	https://www.tfcstats.com/pickup/fun-stuff-east-shutdown2-lg2-jun-12-2026
4G9GZ7	https://www.tfcstats.com/pickup/fun-stuff-round-1-score-60-phantom-lg-oct-15-2025
4GK5JX	https://www.tfcstats.com/pickup/fun-stuff-east-alchimy-lg-nov-16-2025
4GLABE	https://www.tfcstats.com/pickup/fun-stuff-ostargh-dec-31-1969
4GMZMQ	https://www.tfcstats.com/pickup/fun-stuff-east-stormz2-lg-jun-6-2026
4H3QRE	https://www.tfcstats.com/pickup/fun-stuff-central-demolish2-b6-may-4-2026
4H44V7	https://www.tfcstats.com/pickup/fun-stuff-central-datchurch-dec-8-2025
4HL6VB	https://www.tfcstats.com/pickup/fun-stuff-central-alchimy-lg-nov-14-2025
4HUN76	https://www.tfcstats.com/pickup/fun-stuff-central-monkey-lg-feb-17-2026
4JG82C	https://www.tfcstats.com/pickup/fun-stuff-central-stormz2-lg-nov-8-2025-1
4JY8HZ	https://www.tfcstats.com/pickup/fun-stuff-round-1-score-70-toasted-b16-oct-16-2025-1
4K98K8	https://www.tfcstats.com/pickup/fun-stuff-east-phantom-lg-apr-12-2026
4KMRR5	https://www.tfcstats.com/pickup/fun-stuff-blutopia-tfp-nov-3-2025
4KWRQX	https://www.tfcstats.com/pickup/fun-stuff-east-cranked-apr-17-2026
4L27HT	https://www.tfcstats.com/pickup/fun-stuff-schtop-oct-30-2025
4LFWPM	https://www.tfcstats.com/pickup/fun-stuff-east-phantom-lg-feb-2-2026
4LSPXT	https://www.tfcstats.com/pickup/fun-stuff-east-phantom-lg-feb-28-2026
4NA3AG	https://www.tfcstats.com/pickup/fun-stuff-east-schtop-dec-18-2025
4NJFVN	https://www.tfcstats.com/pickup/fun-stuff-central-phantom-lg-dec-17-2025
4NP6KR	https://www.tfcstats.com/pickup/fun-stuff-east-snow-gutter-apr-4-2026
4PCAJR	https://www.tfcstats.com/pickup/fun-stuff-east-siege-dec-14-2025
4PDM9Y	https://www.tfcstats.com/pickup/fun-stuff-east-monkey-lg-may-22-2026
4Q6CV2	https://www.tfcstats.com/pickup/fun-stuff-east-voltage-lg-jun-1-2026
4QBMT7	https://www.tfcstats.com/pickup/fun-stuff-central-stormz2-lg-dec-25-2025
4QPDJJ	https://www.tfcstats.com/pickup/fun-stuff-central-alchimy-lg-dec-19-2025
4QTSEF	https://www.tfcstats.com/pickup/fun-stuff-round-1-score-50-siege-oct-17-2025
4QZTLA	https://www.tfcstats.com/pickup/fun-stuff-mm-crossfaded2-b9-oct-29-2025
4RM98Q	https://www.tfcstats.com/pickup/fun-stuff-central2-schtop-jun-16-2026
4RUXJ6	https://www.tfcstats.com/pickup/fun-stuff-round-1-score-72-bayeux-dec-31-1969-1
4S3ENH	https://www.tfcstats.com/pickup/fun-stuff-east-stormz2-lg-dec-3-2025
4S8VMU	https://www.tfcstats.com/pickup/fun-stuff-central-alchimy-lg-jun-17-2026
4S932D	https://www.tfcstats.com/pickup/fun-stuff-central-schtop-feb-5-2026
4STW74	https://www.tfcstats.com/pickup/fun-stuff-central-stormz2-lg-dec-13-2025-1
4SZHQQ	https://www.tfcstats.com/pickup/fun-stuff-cranked-oct-24-2025
4T97Z5	https://www.tfcstats.com/pickup/fun-stuff-central-raiden9-jan-18-2026
4TFVBA	https://www.tfcstats.com/pickup/fun-stuff-central-congestus-lg-mar-2-2026
4UAB5Y	https://www.tfcstats.com/pickup/fun-stuff-east-alchimy-lg-feb-18-2026
4UCJ64	https://www.tfcstats.com/pickup/fun-stuff-central-demolish2-b5-jan-3-2026
4UL59X	https://www.tfcstats.com/pickup/fun-stuff-central-raiden9-feb-21-2026
4VUPUL	https://www.tfcstats.com/pickup/fun-stuff-central-siege-mar-29-2026
4WB9NQ	https://www.tfcstats.com/pickup/fun-stuff-east-alchimy-lg-jan-1-2026
4WSLSY	https://www.tfcstats.com/pickup/fun-stuff-central-alchimy-lg-jan-17-2026
4WYKYZ	https://www.tfcstats.com/pickup/fun-stuff-central-raiden9-dec-10-2025
4WZ7C5	https://www.tfcstats.com/pickup/fun-stuff-central-alchimy-lg-jan-7-2026
4X8R6T	https://www.tfcstats.com/pickup/fun-stuff-east-schtop-apr-17-2026
4XDTCD	https://www.tfcstats.com/pickup/fun-stuff-east-raiden9-nov-17-2025
4Y6LJJ	https://www.tfcstats.com/pickup/fun-stuff-east-fry-baked-lg-jun-5-2026
4YG8KD	https://www.tfcstats.com/pickup/fun-stuff-central-stormz2-lg-jan-4-2026
4YP7SS	https://www.tfcstats.com/pickup/fun-stuff-central-cranked-dec-30-2025
4YQC2Z	https://www.tfcstats.com/pickup/fun-stuff-east-openfire-lowgrens-apr-3-2026
52DHLD	https://www.tfcstats.com/pickup/fun-stuff-east-cranked-apr-13-2026
52GBAQ	https://www.tfcstats.com/pickup/fun-stuff-raiden9-oct-27-2025
53FU65	https://www.tfcstats.com/pickup/fun-stuff-central-raiden9-dec-25-2025
54HHBN	https://www.tfcstats.com/pickup/fun-stuff-central-fry-baked-lg-dec-27-2025
54QFES	https://www.tfcstats.com/pickup/fun-stuff-central-stormz2-lg-jan-3-2026
55PP5J	https://www.tfcstats.com/pickup/fun-stuff-central-stormz2-lg-mar-19-2026
563VVX	https://www.tfcstats.com/pickup/fun-stuff-east-waterwar-lg-jun-6-2026
573NUK	https://www.tfcstats.com/pickup/fun-stuff-central2-turbo-b10-jun-8-2026
585KMN	https://www.tfcstats.com/pickup/fun-stuff-central-monkey-lg-jan-18-2026
5AAF6Y	https://www.tfcstats.com/pickup/fun-stuff-phantom-lg-oct-23-2025
5AKQA8	https://www.tfcstats.com/pickup/fun-stuff-east-alchimy-lg-apr-9-2026
5BBMWU	https://www.tfcstats.com/pickup/fun-stuff-central-alchimy-lg-jan-11-2026
5CRDR8	https://www.tfcstats.com/pickup/fun-stuff-central-blutopia-tfp-jan-17-2026
5CWT5D	https://www.tfcstats.com/pickup/fun-stuff-east-massive2-b7-apr-21-2026
5D2G96	https://www.tfcstats.com/pickup/fun-stuff-east-nexus-b4-apr-4-2026
5D6M6U	https://www.tfcstats.com/pickup/fun-stuff-central-phantom-lg-jun-13-2026
5ENWGZ	https://www.tfcstats.com/pickup/fun-stuff-central-alchimy-lg-jun-3-2026
5EPW3W	https://www.tfcstats.com/pickup/fun-stuff-east-phantom-lg-dec-21-2025
5EQYQ2	https://www.tfcstats.com/pickup/fun-stuff-central-fry-baked-lg-nov-17-2025
5EURND	https://www.tfcstats.com/pickup/fun-stuff-central-cranked-jan-16-2026
5F6ME5	https://www.tfcstats.com/pickup/fun-stuff-central-fry-baked-lg-mar-27-2026
5F8JN6	https://www.tfcstats.com/pickup/fun-stuff-central-demolish2-b6-apr-19-2026
5FCMA7	https://www.tfcstats.com/pickup/fun-stuff-central-alchimy-lg-dec-7-2025
5G6Z5X	https://www.tfcstats.com/pickup/fun-stuff-central2-fry-baked-lg-jun-10-2026
5H7K9G	https://www.tfcstats.com/pickup/fun-stuff-central-raiden9-dec-19-2025
5H8P4P	https://www.tfcstats.com/pickup/fun-stuff-central-schtop-apr-7-2026
5HFSMX	https://www.tfcstats.com/pickup/fun-stuff-central-schtop-feb-13-2026
5HW9WL	https://www.tfcstats.com/pickup/fun-stuff-central-cranked-mar-28-2026
5J3Z9T	https://www.tfcstats.com/pickup/fun-stuff-central-cranked-jan-11-2026
5JJ6E7	https://www.tfcstats.com/pickup/fun-stuff-central-phantom-lg-mar-20-2026
5JTL8P	https://www.tfcstats.com/pickup/fun-stuff-central-castra-b5-nov-18-2025
5KWVXE	https://www.tfcstats.com/pickup/fun-stuff-east-hammer2-b4-apr-10-2026
5LVUF3	https://www.tfcstats.com/pickup/fun-stuff-east-phantom-lg-mar-14-2026
5MDYKE	https://www.tfcstats.com/pickup/fun-stuff-east-cranked-feb-14-2026
5MPJFC	https://www.tfcstats.com/pickup/fun-stuff-east-blutopia-tfp-jan-31-2026
5NG5YJ	https://www.tfcstats.com/pickup/fun-stuff-east-shutdown2-lg2-mar-21-2026
5NHU22	https://www.tfcstats.com/pickup/fun-stuff-central2-phantom-lg-jun-9-2026
5PEXN6	https://www.tfcstats.com/pickup/fun-stuff-east-schtop-mar-5-2026
5PL38G	https://www.tfcstats.com/pickup/fun-stuff-east-waterwar-lg-apr-14-2026
5Q2H7L	https://www.tfcstats.com/pickup/fun-stuff-central-raiden9-mar-2-2026
5Q9273	https://www.tfcstats.com/pickup/fun-stuff-round-1-score-60-stormz2-lg-oct-15-2025
5QXH5F	https://www.tfcstats.com/pickup/fun-stuff-east-monkey-lg-apr-4-2026
5REYK8	https://www.tfcstats.com/pickup/fun-stuff-east-demolish2-b6-apr-10-2026
5RLEZC	https://www.tfcstats.com/pickup/fun-stuff-east-siege-jan-5-2026
5RTZW8	https://www.tfcstats.com/pickup/fun-stuff-east-schtop-nov-21-2025
5SCS4C	https://www.tfcstats.com/pickup/fun-stuff-central-demolish2-b5-jan-4-2026
5SY3BE	https://www.tfcstats.com/pickup/fun-stuff-central-phantom-lg-dec-30-2025
5T44MZ	https://www.tfcstats.com/pickup/fun-stuff-central2-openfire-lowgrens-jun-10-2026
5UEEL3	https://www.tfcstats.com/pickup/fun-stuff-central-phantom-lg-feb-4-2026
5UQGWA	https://www.tfcstats.com/pickup/fun-stuff-central-stormz2-lg-feb-17-2026
5VKF3M	https://www.tfcstats.com/pickup/fun-stuff-central-siege-mar-12-2026
5XDWEU	https://www.tfcstats.com/pickup/fun-stuff-central-blutopia-tfp-dec-2-2025
5XH3YU	https://www.tfcstats.com/pickup/fun-stuff-central-cranked-dec-9-2025
5YHF9D	https://www.tfcstats.com/pickup/fun-stuff-fry-baked-lg-oct-24-2025
5YSVNM	https://www.tfcstats.com/pickup/fun-stuff-central-phantom-lg-jun-19-2026
5Z72TH	https://www.tfcstats.com/pickup/fun-stuff-central-alchimy-lg-nov-30-2025-1
5ZJTKN	https://www.tfcstats.com/pickup/fun-stuff-central-raiden9-nov-21-2025
5ZNPFY	https://www.tfcstats.com/pickup/fun-stuff-monkey-lg-oct-30-2025
623KWM	https://www.tfcstats.com/pickup/fun-stuff-central-phantom-lg-mar-6-2026
62K4VE	https://www.tfcstats.com/pickup/fun-stuff-central-openfire-lowgrens-apr-23-2026
62RUX8	https://www.tfcstats.com/pickup/fun-stuff-central-raiden9-jan-26-2026
62UZES	https://www.tfcstats.com/pickup/fun-stuff-east-schtop-feb-6-2026
63AUNH	https://www.tfcstats.com/pickup/fun-stuff-central-raiden9-mar-8-2026
63YZ8V	https://www.tfcstats.com/pickup/fun-stuff-central-phantom-lg-may-21-2026
64M4A9	https://www.tfcstats.com/pickup/fun-stuff-east-demolish2-b5-feb-3-2026
64QFPW	https://www.tfcstats.com/pickup/fun-stuff-central-stormz2-lg-apr-14-2026
64UHFG	https://www.tfcstats.com/pickup/fun-stuff-east-schtop-nov-30-2025
64VB2P	https://www.tfcstats.com/pickup/fun-stuff-central-cranked-nov-19-2025
65ZWTV	https://www.tfcstats.com/pickup/fun-stuff-east-schtop-feb-11-2026
663FX2	https://www.tfcstats.com/pickup/fun-stuff-east-mm-crossfaded2-b9-feb-22-2026
66ANWB	https://www.tfcstats.com/pickup/fun-stuff-central-alchimy-lg-mar-9-2026
66XFVR	https://www.tfcstats.com/pickup/fun-stuff-east-raiden9-mar-18-2026
68CKA6	https://www.tfcstats.com/pickup/fun-stuff-east-raiden9-dec-28-2025
68Q9AC	https://www.tfcstats.com/pickup/fun-stuff-east-stowaway2-lg2-nov-11-2025
69LN2Y	https://www.tfcstats.com/pickup/fun-stuff-central-proton-l-jun-1-2026
69YHGV	https://www.tfcstats.com/pickup/fun-stuff-east-phantom-lg-jan-12-2026
6BHZVD	https://www.tfcstats.com/pickup/fun-stuff-east-siege-jan-27-2026
6BKUYT	https://www.tfcstats.com/pickup/fun-stuff-central-turbowave-b3-dec-25-2025
6BYG8C	https://www.tfcstats.com/pickup/fun-stuff-east-stormz2-lg-jun-11-2026
6C62CE	https://www.tfcstats.com/pickup/fun-stuff-east-shutdown2-lg2-mar-7-2026
6CCGFW	https://www.tfcstats.com/pickup/fun-stuff-central-torch2-feb-15-2026
6CQDB9	https://www.tfcstats.com/pickup/fun-stuff-central-stormz2-lg-dec-8-2025
6CR73J	https://www.tfcstats.com/pickup/fun-stuff-central-schtop-feb-27-2026
6E2NW8	https://www.tfcstats.com/pickup/fun-stuff-east-phantom-lg-jun-4-2026
6FS3AD	https://www.tfcstats.com/pickup/fun-stuff-east-siege-mar-5-2026
6H95D8	https://www.tfcstats.com/pickup/fun-stuff-east-stowaway2-lg2-mar-5-2026
6JFUBW	https://www.tfcstats.com/pickup/fun-stuff-east-monkey-lg-feb-15-2026
6JW9Z5	https://www.tfcstats.com/pickup/fun-stuff-east-castra-b5-nov-4-2025
6JZSGS	https://www.tfcstats.com/pickup/fun-stuff-central-snow-gutter-jan-6-2026
6K97QM	https://www.tfcstats.com/pickup/fun-stuff-destroy-l-oct-20-2025
6LGR3X	https://www.tfcstats.com/pickup/fun-stuff-east-openfire-lowgrens-feb-18-2026
6M2JQV	https://www.tfcstats.com/pickup/fun-stuff-east-stormz2-lg-nov-6-2025
6M49TY	https://www.tfcstats.com/pickup/fun-stuff-east-siege-may-1-2026
6MFX4G	https://www.tfcstats.com/pickup/fun-stuff-central-raiden9-may-28-2026
6MMNXU	https://www.tfcstats.com/pickup/fun-stuff-round-1-score-80-alchimy-lg-oct-12-2025
6NDTQK	https://www.tfcstats.com/pickup/fun-stuff-east-demolish2-b6-may-1-2026
6PTQ7F	https://www.tfcstats.com/pickup/fun-stuff-east-siege-mar-28-2026
6QD3DN	https://www.tfcstats.com/pickup/fun-stuff-central-fry-baked-lg-dec-31-2025
6QDF7B	https://www.tfcstats.com/pickup/fun-stuff-central-demolish2-b5-jan-1-2026
6QRUQU	https://www.tfcstats.com/pickup/fun-stuff-central2-alchimy-lg-jun-11-2026
6QVLCK	https://www.tfcstats.com/pickup/fun-stuff-central-viridian-nov-6-2025
6RL9PG	https://www.tfcstats.com/pickup/fun-stuff-east-stowaway2-lg2-jan-19-2026
6RYNWF	https://www.tfcstats.com/pickup/fun-stuff-monkey-lg-oct-25-2025
6SCZZN	https://www.tfcstats.com/pickup/fun-stuff-central-cranked-dec-13-2025-1
6T4SGY	https://www.tfcstats.com/pickup/fun-stuff-east-raiden9-feb-20-2026
6T94J4	https://www.tfcstats.com/pickup/fun-stuff-central-stormz3-b2-nov-24-2025
6TTFEQ	https://www.tfcstats.com/pickup/fun-stuff-raiden9-nov-2-2025
6UN9QA	https://www.tfcstats.com/pickup/fun-stuff-central-schtop-dec-15-2025
6V6YCB	https://www.tfcstats.com/pickup/fun-stuff-central-monkey-lg-dec-27-2025
6VG5SN	https://www.tfcstats.com/pickup/fun-stuff-central-phantom-lg-jan-30-2026
6VJMPG	https://www.tfcstats.com/pickup/fun-stuff-central-openfire-lowgrens-apr-7-2026
6VKQHZ	https://www.tfcstats.com/pickup/fun-stuff-central-openfire-lowgrens-feb-4-2026
6VVS9M	https://www.tfcstats.com/pickup/fun-stuff-east-raiden9-feb-27-2026
6W4HYK	https://www.tfcstats.com/pickup/fun-stuff-central-schtop-jan-22-2026
6WP6CU	https://www.tfcstats.com/pickup/fun-stuff-round-1-score-40-shutdown2-lg2-oct-14-2025
6WQG4P	https://www.tfcstats.com/pickup/fun-stuff-central-raiden9-jan-11-2026-1
6WYKGW	https://www.tfcstats.com/pickup/fun-stuff-central-castra-b6-apr-19-2026
6XGQCA	https://www.tfcstats.com/pickup/fun-stuff-east-cranked-feb-23-2026
6XHKUE	https://www.tfcstats.com/pickup/fun-stuff-east-shutdown2-lg2-mar-20-2026
6XM945	https://www.tfcstats.com/pickup/fun-stuff-east-pitfall-jan-3-2026
6XPK67	https://www.tfcstats.com/pickup/fun-stuff-central-fry-baked-lg-apr-24-2026
6YEQ5B	https://www.tfcstats.com/pickup/fun-stuff-east-monkey-lg-jun-18-2026-1
6YGT6T	https://www.tfcstats.com/pickup/fun-stuff-central-snow-gutter-nov-9-2025
6YUVDG	https://www.tfcstats.com/pickup/fun-stuff-east-monkey-lg-nov-24-2025
6YVZC8	https://www.tfcstats.com/pickup/fun-stuff-east-toasted-b16-feb-20-2026
6YZF5Z	https://www.tfcstats.com/pickup/fun-stuff-east-demolish2-b6-feb-23-2026
72NJ4E	https://www.tfcstats.com/pickup/fun-stuff-monkey-lg-oct-29-2025
72SHRK	https://www.tfcstats.com/pickup/fun-stuff-central-stormz2-lg-jan-9-2026
73L2HQ	https://www.tfcstats.com/pickup/fun-stuff-east-schtop-dec-25-2025
73V6T5	https://www.tfcstats.com/pickup/fun-stuff-monkey-lg-oct-26-2025-1
744DY4	https://www.tfcstats.com/pickup/fun-stuff-east-phantom-lg-apr-14-2026
74TABG	https://www.tfcstats.com/pickup/fun-stuff-east-turbo-b10-jun-15-2026
75EGG6	https://www.tfcstats.com/pickup/fun-stuff-east-monkey-lg-dec-1-2025
75NNBP	https://www.tfcstats.com/pickup/fun-stuff-central-alchimy-lg-dec-4-2025
76NK4Y	https://www.tfcstats.com/pickup/fun-stuff-east-siege-mar-20-2026
76QS59	https://www.tfcstats.com/pickup/fun-stuff-central2-demolish2-b6-jun-12-2026
773SNJ	https://www.tfcstats.com/pickup/fun-stuff-east-openfire-lowgrens-jun-19-2026-1
777PWG	https://www.tfcstats.com/pickup/fun-stuff-central-blutopia-tfp-dec-19-2025
77BQ7K	https://www.tfcstats.com/pickup/fun-stuff-central-phantom-lg-mar-8-2026
77J9ZP	https://www.tfcstats.com/pickup/fun-stuff-east-siden-lg-nov-24-2025
77X6PS	https://www.tfcstats.com/pickup/fun-stuff-central-raiden9-nov-25-2025
784EHD	https://www.tfcstats.com/pickup/fun-stuff-central-2mesa3-lg-may-5-2026
78JZTP	https://www.tfcstats.com/pickup/fun-stuff-east-alchimy-lg-apr-5-2026
78NVQT	https://www.tfcstats.com/pickup/fun-stuff-cranked-oct-25-2025
78WGG6	https://www.tfcstats.com/pickup/fun-stuff-central-phantom-lg-dec-3-2025
799NHF	https://www.tfcstats.com/pickup/fun-stuff-central-demolish2-b5-jan-16-2026
7A6DYP	https://www.tfcstats.com/pickup/fun-stuff-cranked-oct-22-2025
7A7QJB	https://www.tfcstats.com/pickup/fun-stuff-east-blutopia-tfp-jun-17-2026
7AAFL4	https://www.tfcstats.com/pickup/fun-stuff-central-demolish2-b4r-nov-22-2025
7ACGM8	https://www.tfcstats.com/pickup/fun-stuff-east-alchimy-lg-feb-6-2026
7AD4VM	https://www.tfcstats.com/pickup/fun-stuff-east-shutdown2-lg2-mar-30-2026
7AFS4E	https://www.tfcstats.com/pickup/fun-stuff-openfire-lowgrens-nov-5-2025
7AHPP2	https://www.tfcstats.com/pickup/fun-stuff-central-raiden9-apr-30-2026
7ANK4P	https://www.tfcstats.com/pickup/fun-stuff-east-stowaway2-lg2-jun-15-2026
7AQ87M	https://www.tfcstats.com/pickup/fun-stuff-central-siege-may-22-2026
7AYJG9	https://www.tfcstats.com/pickup/fun-stuff-east-cranked-jun-16-2026
7BF6US	https://www.tfcstats.com/pickup/fun-stuff-central-raiden9-mar-7-2026
7C87EG	https://www.tfcstats.com/pickup/fun-stuff-raiden9-nov-4-2025
7CF9C3	https://www.tfcstats.com/pickup/fun-stuff-central-snow-gutter-jan-14-2026
7CHZC6	https://www.tfcstats.com/pickup/fun-stuff-east-phantom-lg-may-26-2026
7CWQ2Q	https://www.tfcstats.com/pickup/fun-stuff-central-stormz2-lg-nov-10-2025
7D3BTA	https://www.tfcstats.com/pickup/fun-stuff-east-alchimy-lg-jan-29-2026
7DC79X	https://www.tfcstats.com/pickup/fun-stuff-east-stormz2-lg-jan-25-2026
7DWC7P	https://www.tfcstats.com/pickup/fun-stuff-fry-baked-lg-oct-20-2025
7EESF3	https://www.tfcstats.com/pickup/fun-stuff-east-stormz2-lg-jun-5-2026
7ESKGK	https://www.tfcstats.com/pickup/fun-stuff-round-1-score-60-siden-lg-oct-18-2025
7FH6QR	https://www.tfcstats.com/pickup/fun-stuff-east-cranked-apr-12-2026
7FVAFV	https://www.tfcstats.com/pickup/fun-stuff-raiden9-oct-23-2025
7H77UK	https://www.tfcstats.com/pickup/fun-stuff-siege-oct-23-2025
7HDTE2	https://www.tfcstats.com/pickup/fun-stuff-east-shutdown2-lg2-dec-15-2025
7HL23D	https://www.tfcstats.com/pickup/fun-stuff-central-stormz2-lg-jan-1-2026
7HNTXU	https://www.tfcstats.com/pickup/fun-stuff-east-openfire-lowgrens-dec-29-2025
7J8HKL	https://www.tfcstats.com/pickup/fun-stuff-west-monkey-lg-jun-19-2026
7K48SE	https://www.tfcstats.com/pickup/fun-stuff-central-siden-lg-apr-28-2026
7KAA76	https://www.tfcstats.com/pickup/fun-stuff-central-mm-crossfaded2-b9-dec-6-2025
7L3EDD	https://www.tfcstats.com/pickup/fun-stuff-destroy-l-oct-23-2025
7L3UYW	https://www.tfcstats.com/pickup/fun-stuff-central-stormz2-lg-dec-31-2025
7LLHKP	https://www.tfcstats.com/pickup/fun-stuff-east-shutdown2-lg2-jun-9-2026
7LQUWW	https://www.tfcstats.com/pickup/fun-stuff-east-stowaway2-lg2-mar-21-2026
7LVQMZ	https://www.tfcstats.com/pickup/fun-stuff-central-alchimy-lg-jan-3-2026-1
7LVVKG	https://www.tfcstats.com/pickup/fun-stuff-east-phantom-lg-jan-28-2026
7MPS9W	https://www.tfcstats.com/pickup/fun-stuff-east-voltage-lg-jan-23-2026
7MTKAF	https://www.tfcstats.com/pickup/fun-stuff-central-cranked-dec-27-2025
7NTBKP	https://www.tfcstats.com/pickup/fun-stuff-central-monkey-lg-dec-13-2025
7S56ZM	https://www.tfcstats.com/pickup/fun-stuff-east-stormz2-lg-jun-20-2026
7SVSR5	https://www.tfcstats.com/pickup/fun-stuff-east-raiden9-jun-19-2026
7TNPJA	https://www.tfcstats.com/pickup/fun-stuff-east-fry-baked-lg-mar-2-2026
7UBT7H	https://www.tfcstats.com/pickup/fun-stuff-east-siege-may-12-2026
7UMHBC	https://www.tfcstats.com/pickup/fun-stuff-east-alchimy-lg-jan-19-2026
7UXUW5	https://www.tfcstats.com/pickup/fun-stuff-central-fry-baked-lg-dec-10-2025
7W5NJR	https://www.tfcstats.com/pickup/fun-stuff-central-stormz2-lg-mar-29-2026
7WWRYX	https://www.tfcstats.com/pickup/fun-stuff-east-raiden9-jan-1-2026
7X5Q55	https://www.tfcstats.com/pickup/fun-stuff-central-schtop-jan-4-2026
7X7XGE	https://www.tfcstats.com/pickup/fun-stuff-central-demolish2-b4r-nov-29-2025
7XDW2E	https://www.tfcstats.com/pickup/fun-stuff-central-mortality-lg-mar-27-2026
7XTFUJ	https://www.tfcstats.com/pickup/fun-stuff-east-demolish2-b6-jun-20-2026
7XVJJC	https://www.tfcstats.com/pickup/fun-stuff-east-phantom-lg-mar-21-2026
7YKF7S	https://www.tfcstats.com/pickup/fun-stuff-central-siege-apr-12-2026
7ZWLBZ	https://www.tfcstats.com/pickup/fun-stuff-central-openfire-lowgrens-dec-31-2025
7ZYLLW	https://www.tfcstats.com/pickup/fun-stuff-east-schtop-mar-2-2026
8275LH	https://www.tfcstats.com/pickup/fun-stuff-central-openfire-lowgrens-dec-28-2025
827HK7	https://www.tfcstats.com/pickup/fun-stuff-east-raiden9-nov-22-2025
82LCCE	https://www.tfcstats.com/pickup/fun-stuff-east-castra-b5-nov-14-2025
82RWD5	https://www.tfcstats.com/pickup/fun-stuff-east-siege-jan-12-2026
83F6CZ	https://www.tfcstats.com/pickup/fun-stuff-central-phantom-lg-jan-15-2026
842RQW	https://www.tfcstats.com/pickup/fun-stuff-east-phantom-lg-dec-14-2025
84MTYB	https://www.tfcstats.com/pickup/fun-stuff-alchimy-lg-oct-31-2025
84PNH4	https://www.tfcstats.com/pickup/fun-stuff-central-stormz2-lg-nov-18-2025
84VYU9	https://www.tfcstats.com/pickup/fun-stuff-central-toasted-b16-jan-6-2026
856NJC	https://www.tfcstats.com/pickup/fun-stuff-central-toasted-b16-dec-17-2025
862TV8	https://www.tfcstats.com/pickup/fun-stuff-central-phantom-lg-jan-23-2026
86A9R4	https://www.tfcstats.com/pickup/fun-stuff-central-stormz2-lg-may-23-2026
872M9J	https://www.tfcstats.com/pickup/fun-stuff-round-1-score-80-shutdown2-lg2-oct-17-2025-1
87KRMF	https://www.tfcstats.com/pickup/fun-stuff-voltage-lg-oct-25-2025
87L925	https://www.tfcstats.com/pickup/fun-stuff-central-schtop-nov-19-2025
87ZLN8	https://www.tfcstats.com/pickup/fun-stuff-east-cranked-may-3-2026
882U4Z	https://www.tfcstats.com/pickup/fun-stuff-central-fry-baked-lg-apr-18-2026
884VNE	https://www.tfcstats.com/pickup/fun-stuff-central-schtop-nov-11-2025-1
88BXZT	https://www.tfcstats.com/pickup/fun-stuff-schtop-oct-25-2025
88NPST	https://www.tfcstats.com/pickup/fun-stuff-central-alchimy-lg-jan-22-2026
89XCMM	https://www.tfcstats.com/pickup/fun-stuff-schtop-oct-23-2025
89YM48	https://www.tfcstats.com/pickup/fun-stuff-central-openfire-lowgrens-mar-15-2026
8AHMJS	https://www.tfcstats.com/pickup/fun-stuff-central2-phantom-lg-jun-14-2026
8B7GMC	https://www.tfcstats.com/pickup/fun-stuff-central-alchimy-lg-mar-24-2026
8C896K	https://www.tfcstats.com/pickup/fun-stuff-central-alchimy-lg-may-21-2026
8CNRLP	https://www.tfcstats.com/pickup/fun-stuff-central-schtop-nov-6-2025
8D3FRJ	https://www.tfcstats.com/pickup/fun-stuff-east-snow-gutter-dec-14-2025
8D3TPB	https://www.tfcstats.com/pickup/fun-stuff-east-demolish2-b6-mar-10-2026
8DHCXP	https://www.tfcstats.com/pickup/fun-stuff-east-schtop-mar-26-2026
8DVA3E	https://www.tfcstats.com/pickup/fun-stuff-east-openfire-lowgrens-dec-18-2025
8ENVJN	https://www.tfcstats.com/pickup/fun-stuff-round-1-score-50-raiden9-oct-15-2025
8ET84M	https://www.tfcstats.com/pickup/fun-stuff-central-demolish2-b6-mar-15-2026
8FQ6EG	https://www.tfcstats.com/pickup/fun-stuff-central-turbowave-b3-nov-15-2025
8GFM5D	https://www.tfcstats.com/pickup/fun-stuff-central-demolish2-b4r-nov-9-2025
8H8UJA	https://www.tfcstats.com/pickup/fun-stuff-east-raiden9-apr-10-2026
8HYG8V	https://www.tfcstats.com/pickup/fun-stuff-central-siden-lg-mar-12-2026
8J26FR	https://www.tfcstats.com/pickup/fun-stuff-east-monkey-lg-nov-23-2025
8JAWUT	https://www.tfcstats.com/pickup/fun-stuff-east-schtop-feb-20-2026
8K2BB2	https://www.tfcstats.com/pickup/fun-stuff-central-monkey-lg-jan-23-2026
8LD5RJ	https://www.tfcstats.com/pickup/fun-stuff-west-alchimy-lg-jun-19-2026
8M89JT	https://www.tfcstats.com/pickup/fun-stuff-central-schtop-jun-6-2026
8MMULL	https://www.tfcstats.com/pickup/fun-stuff-round-1-score-80-snow-gutter-oct-14-2025
8N4ELW	https://www.tfcstats.com/pickup/fun-stuff-round-1-score-60-fry-baked-lg-oct-17-2025
8NAVE9	https://www.tfcstats.com/pickup/fun-stuff-east-alchimy-lg-dec-31-2025
8NHL8X	https://www.tfcstats.com/pickup/fun-stuff-east-demolish2-b6-jun-19-2026
8NHZ62	https://www.tfcstats.com/pickup/fun-stuff-snow-gutter-oct-21-2025
8NZEAL	https://www.tfcstats.com/pickup/fun-stuff-central-bayeux-dec-31-1969
8P67WZ	https://www.tfcstats.com/pickup/fun-stuff-east-raiden9-jan-16-2026
8QKA2Z	https://www.tfcstats.com/pickup/fun-stuff-east-schtop-apr-19-2026
8R4F3W	https://www.tfcstats.com/pickup/fun-stuff-east-orbit-tfp-mar-15-2026
8RCPNV	https://www.tfcstats.com/pickup/fun-stuff-central-schtop-jun-20-2026
8RUF4F	https://www.tfcstats.com/pickup/fun-stuff-east-openfire-lowgrens-feb-22-2026
8UJNGE	https://www.tfcstats.com/pickup/fun-stuff-central-phantom-lg-feb-14-2026
8UUJT8	https://www.tfcstats.com/pickup/fun-stuff-2mesa3-lg-oct-22-2025
8VWMSM	https://www.tfcstats.com/pickup/fun-stuff-central-cranked-dec-31-2025
8W926U	https://www.tfcstats.com/pickup/fun-stuff-central-alchimy-lg-apr-23-2026
8WD42B	https://www.tfcstats.com/pickup/fun-stuff-central-schtop-mar-10-2026
8WWR73	https://www.tfcstats.com/pickup/fun-stuff-central-phantom-lg-nov-10-2025
8YKLPT	https://www.tfcstats.com/pickup/fun-stuff-central-cranked-mar-14-2026
8YTSMT	https://www.tfcstats.com/pickup/fun-stuff-central-castra-b5-nov-21-2025
8YVMT2	https://www.tfcstats.com/pickup/fun-stuff-turbowave-b3-oct-22-2025
8ZE562	https://www.tfcstats.com/pickup/fun-stuff-round-1-score-130-alchimy-lg-oct-16-2025-1
926WNW	https://www.tfcstats.com/pickup/fun-stuff-east-raiden9-mar-3-2026
92VQVZ	https://www.tfcstats.com/pickup/fun-stuff-central-schtop-may-2-2026
947KF2	https://www.tfcstats.com/pickup/fun-stuff-east-phantom-lg-feb-11-2026
94XNBW	https://www.tfcstats.com/pickup/fun-stuff-central-cranked-jan-10-2026
953JFB	https://www.tfcstats.com/pickup/fun-stuff-east-phantom-lg-may-31-2026
962563	https://www.tfcstats.com/pickup/fun-stuff-central-openfire-lowgrens-nov-13-2025
96CNCS	https://www.tfcstats.com/pickup/fun-stuff-east-fry-baked-lg-jun-18-2026
96CXRE	https://www.tfcstats.com/pickup/fun-stuff-east-demolish2-b6-mar-13-2026
97P6E2	https://www.tfcstats.com/pickup/fun-stuff-east-fry-baked-lg-mar-17-2026
97YGA3	https://www.tfcstats.com/pickup/fun-stuff-central-stormz2-lg-nov-7-2025
98GQXQ	https://www.tfcstats.com/pickup/fun-stuff-east-phantom-lg-mar-10-2026
98UGW9	https://www.tfcstats.com/pickup/fun-stuff-east-demolish2-b6-apr-3-2026
98YYBJ	https://www.tfcstats.com/pickup/fun-stuff-round-1-score-90-turbo-b10-oct-15-2025
99BR8E	https://www.tfcstats.com/pickup/fun-stuff-central-siege-nov-17-2025
99F2WT	https://www.tfcstats.com/pickup/fun-stuff-monkey-lg-oct-31-2025
9BF6EQ	https://www.tfcstats.com/pickup/fun-stuff-central-snow-gutter-jan-7-2026
9C9JVA	https://www.tfcstats.com/pickup/fun-stuff-central-phantom-lg-nov-14-2025
9CH3TS	https://www.tfcstats.com/pickup/fun-stuff-toasted-b16-nov-3-2025
9DLEPZ	https://www.tfcstats.com/pickup/fun-stuff-central-cranked-jan-14-2026
9DVRG6	https://www.tfcstats.com/pickup/fun-stuff-central-cranked-may-30-2026
9E7HPZ	https://www.tfcstats.com/pickup/fun-stuff-east-siege-feb-23-2026
9EDP82	https://www.tfcstats.com/pickup/fun-stuff-central-fry-baked-lg-apr-11-2026
9ETVGU	https://www.tfcstats.com/pickup/fun-stuff-east-siege-feb-16-2026
9FMK8M	https://www.tfcstats.com/pickup/fun-stuff-east-snow-gutter-mar-30-2026
9FVNFW	https://www.tfcstats.com/pickup/fun-stuff-central-siden-lg-mar-14-2026
9FX2EP	https://www.tfcstats.com/pickup/fun-stuff-east-raiden9-jun-14-2026
9GNMT7	https://www.tfcstats.com/pickup/fun-stuff-central-siege-nov-21-2025
9H7EXC	https://www.tfcstats.com/pickup/fun-stuff-central-stormz2-lg-may-7-2026
9HBPR6	https://www.tfcstats.com/pickup/fun-stuff-schtop-oct-21-2025
9HUFPM	https://www.tfcstats.com/pickup/fun-stuff-central-alchimy-lg-feb-1-2026
9HW9MH	https://www.tfcstats.com/pickup/fun-stuff-central-raiden9-jan-20-2026
9J646V	https://www.tfcstats.com/pickup/fun-stuff-central-stormz2-lg-jan-8-2026
9J9S4D	https://www.tfcstats.com/pickup/fun-stuff-east-demolish2-b4r-nov-8-2025
9JZ2VV	https://www.tfcstats.com/pickup/fun-stuff-round-1-score-70-phantom-lg-oct-15-2025
9KNZ2T	https://www.tfcstats.com/pickup/fun-stuff-alchimy-lg-oct-26-2025
9KVNYV	https://www.tfcstats.com/pickup/fun-stuff-central-alchimy-lg-jun-6-2026
9L6LPB	https://www.tfcstats.com/pickup/fun-stuff-east-cranked-jan-27-2026
9LCVHL	https://www.tfcstats.com/pickup/fun-stuff-central-openfire-lowgrens-nov-18-2025
9M3UTN	https://www.tfcstats.com/pickup/fun-stuff-central-stormz2-lg-dec-15-2025
9M93U6	https://www.tfcstats.com/pickup/fun-stuff-central-demolish2-b4r-nov-19-2025
9N9P6L	https://www.tfcstats.com/pickup/fun-stuff-east-schtop-mar-14-2026
9NGPQR	https://www.tfcstats.com/pickup/fun-stuff-east-demolish2-b6-feb-13-2026
9PHKYE	https://www.tfcstats.com/pickup/fun-stuff-central-alchimy-lg-apr-18-2026
9QFHRW	https://www.tfcstats.com/pickup/fun-stuff-central-schtop-feb-15-2026
9QK9CQ	https://www.tfcstats.com/pickup/fun-stuff-east-demolish2-b6-mar-1-2026
9S6CA4	https://www.tfcstats.com/pickup/fun-stuff-east-openfire-lowgrens-jan-17-2026
9S7MG7	https://www.tfcstats.com/pickup/fun-stuff-central-snow-gutter-may-20-2026
9SXPKR	https://www.tfcstats.com/pickup/fun-stuff-central-siden-lg-may-13-2026
9T39P9	https://www.tfcstats.com/pickup/fun-stuff-central-cranked-apr-19-2026
9T53AC	https://www.tfcstats.com/pickup/fun-stuff-central-stormz2-lg-nov-15-2025
9U6HTP	https://www.tfcstats.com/pickup/fun-stuff-central-shutdown2-lg2-dec-4-2025
9UGKGB	https://www.tfcstats.com/pickup/fun-stuff-east-toasted-b16-jun-19-2026
9UMNCN	https://www.tfcstats.com/pickup/fun-stuff-central-demolish2-b5-jan-10-2026
9V66X6	https://www.tfcstats.com/pickup/fun-stuff-siege-oct-27-2025
9VB9MY	https://www.tfcstats.com/pickup/fun-stuff-central-stormz2-lg-mar-15-2026
9VCEZ7	https://www.tfcstats.com/pickup/fun-stuff-central-alchimy-lg-mar-19-2026
9VD8J5	https://www.tfcstats.com/pickup/fun-stuff-fry-baked-lg-oct-29-2025-1
9WR9GC	https://www.tfcstats.com/pickup/fun-stuff-blutopia-tfp-oct-25-2025
9X3CUG	https://www.tfcstats.com/pickup/fun-stuff-central-cranked-mar-29-2026
9XARH9	https://www.tfcstats.com/pickup/fun-stuff-central-stormz2-lg-dec-28-2025
9XP47X	https://www.tfcstats.com/pickup/fun-stuff-central-openfire-lowgrens-mar-21-2026
9XRNGX	https://www.tfcstats.com/pickup/fun-stuff-east-fry-baked-lg-jun-4-2026
9Y2GWP	https://www.tfcstats.com/pickup/fun-stuff-central-toasted-b16-feb-26-2026-1
9YPFK9	https://www.tfcstats.com/pickup/fun-stuff-central-cranked-apr-18-2026
9ZHXMM	https://www.tfcstats.com/pickup/fun-stuff-central-snow-gutter-dec-8-2025
9ZWBWF	https://www.tfcstats.com/pickup/fun-stuff-east-cranked-dec-30-2025
A223YV	https://www.tfcstats.com/pickup/fun-stuff-central-fry-baked-lg-feb-5-2026
A3KJBP	https://tfcstats.com/pickup/fun-stuff-central2-phantom-lg-jun-6-2026
A4333T	https://www.tfcstats.com/pickup/fun-stuff-east-cranked-apr-24-2026
A4AQ7C	https://www.tfcstats.com/pickup/fun-stuff-east-fry-baked-lg-mar-20-2026
A4BJW9	https://www.tfcstats.com/pickup/fun-stuff-east-stormz2-lg-apr-5-2026
A5G336	https://www.tfcstats.com/pickup/fun-stuff-central-alchimy-lg-feb-26-2026
A5H26J	https://www.tfcstats.com/pickup/fun-stuff-central-demolish2-b6-apr-6-2026
A5PKSF	https://www.tfcstats.com/pickup/fun-stuff-central-alchimy-lg-dec-2-2025
A65L4X	https://www.tfcstats.com/pickup/fun-stuff-central-cranked-dec-7-2025
A72AJH	https://www.tfcstats.com/pickup/fun-stuff-east-cranked-mar-13-2026
A7XKYV	https://www.tfcstats.com/pickup/fun-stuff-central-snow-gutter-mar-5-2026
A8R2GN	https://www.tfcstats.com/pickup/fun-stuff-central-phantom-lg-dec-13-2025
A997MQ	https://www.tfcstats.com/pickup/fun-stuff-central-schtop-may-14-2026
AAZZYM	https://www.tfcstats.com/pickup/fun-stuff-central-demolish2-b4r-dec-13-2025
AB6SEE	https://www.tfcstats.com/pickup/fun-stuff-east-voltage-lg-feb-17-2026
ABM38Y	https://www.tfcstats.com/pickup/fun-stuff-east-cranked-nov-9-2025
AC6B2G	https://www.tfcstats.com/pickup/fun-stuff-east-monkey-lg-feb-21-2026
AC8ACR	https://www.tfcstats.com/pickup/fun-stuff-east-alchimy-lg-jun-1-2026
ACSE5H	https://www.tfcstats.com/pickup/fun-stuff-east-castra-b5-nov-7-2025
ADBUVT	https://www.tfcstats.com/pickup/fun-stuff-round-1-score-70-siege-oct-13-2025
ADLWWS	https://www.tfcstats.com/pickup/fun-stuff-east-demolish2-b4r-dec-1-2025
AEZVVC	https://www.tfcstats.com/pickup/fun-stuff-east-raiden9-feb-22-2026
AFCSDL	https://www.tfcstats.com/pickup/fun-stuff-east-schtop-feb-21-2026
AFPVG9	https://www.tfcstats.com/pickup/fun-stuff-east-cranked-jun-20-2026
AGHRFS	https://www.tfcstats.com/pickup/fun-stuff-east-raiden9-mar-12-2026
AGHSDB	https://www.tfcstats.com/pickup/fun-stuff-central-voltage-lg-nov-13-2025
AGU22Y	https://www.tfcstats.com/pickup/fun-stuff-central2-congestus-lg-jun-14-2026
AHXEH9	https://www.tfcstats.com/pickup/fun-stuff-central-phantom-lg-nov-22-2025
AJ96AN	https://www.tfcstats.com/pickup/fun-stuff-central-openfire-lowgrens-feb-13-2026
AJDVN2	https://www.tfcstats.com/pickup/fun-stuff-central-schtop-mar-6-2026
AJGKV5	https://www.tfcstats.com/pickup/fun-stuff-east-siege-feb-7-2026
AJLHPE	https://www.tfcstats.com/pickup/fun-stuff-east-raiden9-dec-2-2025
AJSG95	https://www.tfcstats.com/pickup/fun-stuff-east-blutopia-tfp-nov-23-2025
AKC6CQ	https://www.tfcstats.com/pickup/fun-stuff-east-raiden9-mar-24-2026
AKKK4G	https://www.tfcstats.com/pickup/fun-stuff-central-raiden9-jan-8-2026
AKLBVQ	https://www.tfcstats.com/pickup/fun-stuff-central-monkey-lg-apr-18-2026
AL23LU	https://www.tfcstats.com/pickup/fun-stuff-east-fry-baked-lg-nov-4-2025
AL7JTU	https://www.tfcstats.com/pickup/fun-stuff-central2-raiden9-jun-11-2026
AL8KAB	https://www.tfcstats.com/pickup/fun-stuff-east-cranked-feb-2-2026
ALCD42	https://www.tfcstats.com/pickup/fun-stuff-siege-oct-30-2025
ALZFL4	https://www.tfcstats.com/pickup/fun-stuff-east-monkey-lg-may-24-2026
AM3PH8	https://www.tfcstats.com/pickup/fun-stuff-central-openfire-lowgrens-nov-29-2025
AM4BST	https://www.tfcstats.com/pickup/fun-stuff-east-torch2-feb-5-2026
AMDHCL	https://www.tfcstats.com/pickup/fun-stuff-east-cranked-jun-7-2026
ANPJLW	https://www.tfcstats.com/pickup/fun-stuff-central2-castra-b6-jun-9-2026
ANX3LP	https://www.tfcstats.com/pickup/fun-stuff-central2-alchimy-lg-jun-12-2026-1
ANXL3E	https://www.tfcstats.com/pickup/fun-stuff-east-alchimy-lg-dec-27-2025
APN2VP	https://www.tfcstats.com/pickup/fun-stuff-central-alchimy-lg-mar-28-2026
AQTNA6	https://www.tfcstats.com/pickup/fun-stuff-cranked-oct-26-2025
AR2688	https://www.tfcstats.com/pickup/fun-stuff-blutopia-tfp-oct-29-2025
AR2ZTL	https://www.tfcstats.com/pickup/fun-stuff-east-demolish2-b6-apr-15-2026
AR8Z4Q	https://www.tfcstats.com/pickup/fun-stuff-east-openfire-lowgrens-jan-25-2026
AS62GC	https://www.tfcstats.com/pickup/fun-stuff-central-monkey-lg-nov-4-2025
AT7BSH	https://www.tfcstats.com/pickup/fun-stuff-east-demolish2-b4r-nov-17-2025
ATTM7J	https://www.tfcstats.com/pickup/fun-stuff-central-fry-baked-lg-mar-3-2026
AUZ42X	https://www.tfcstats.com/pickup/fun-stuff-east-cranked-mar-4-2026
AVD5S7	https://www.tfcstats.com/pickup/fun-stuff-east-stowaway2-lg2-feb-26-2026
AVEPP7	https://www.tfcstats.com/pickup/fun-stuff-east-siege-nov-16-2025
AVJ87B	https://www.tfcstats.com/pickup/fun-stuff-central-alchimy-lg-jan-26-2026
AVJKLZ	https://www.tfcstats.com/pickup/fun-stuff-openfire-lowgrens-oct-24-2025
AW2AJB	https://www.tfcstats.com/pickup/fun-stuff-east-raiden9-mar-21-2026
AWK3MQ	https://www.tfcstats.com/pickup/fun-stuff-central-torch2-jan-22-2026
AWZMZV	https://www.tfcstats.com/pickup/fun-stuff-central-schtop-feb-4-2026
AX4NYA	https://www.tfcstats.com/pickup/fun-stuff-east-openfire-lowgrens-mar-10-2026
AXRQ8R	https://www.tfcstats.com/pickup/fun-stuff-east-raiden9-mar-4-2026
AXZ4N3	https://www.tfcstats.com/pickup/fun-stuff-central-snow-gutter-jan-2-2026
AYNA8G	https://www.tfcstats.com/pickup/fun-stuff-east-fry-baked-lg-jun-6-2026
AZ2V8T	https://www.tfcstats.com/pickup/fun-stuff-east-alchimy-lg-may-4-2026
AZMKSS	https://www.tfcstats.com/pickup/fun-stuff-central-stormz2-lg-dec-24-2025
B388NW	https://www.tfcstats.com/pickup/fun-stuff-central-shutdown2-lg2-mar-17-2026
B3F45Z	https://www.tfcstats.com/pickup/fun-stuff-east-monkey-lg-jun-5-2026
B3WG25	https://www.tfcstats.com/pickup/fun-stuff-central-monkey-lg-mar-2-2026
B3ZUFU	https://www.tfcstats.com/pickup/fun-stuff-schtop-nov-1-2025
B4QSRA	https://www.tfcstats.com/pickup/fun-stuff-east-openfire-lowgrens-apr-13-2026
B4WCE5	https://www.tfcstats.com/pickup/fun-stuff-shutdown2-lg2-oct-19-2025
B4X5DR	https://www.tfcstats.com/pickup/fun-stuff-east-siden-lg-mar-20-2026
B4X6R3	https://www.tfcstats.com/pickup/fun-stuff-east-castra-b6-mar-4-2026
B52SL6	https://www.tfcstats.com/pickup/fun-stuff-central-alchimy-lg-nov-26-2025
B5LJBL	https://www.tfcstats.com/pickup/fun-stuff-central-snow-gutter-jan-6-2026-1
B6SFWF	https://www.tfcstats.com/pickup/fun-stuff-central-cranked-feb-6-2026
B6SQWB	https://www.tfcstats.com/pickup/fun-stuff-central-alchimy-lg-mar-14-2026
B6VA8R	https://www.tfcstats.com/pickup/fun-stuff-central-alchimy-lg-jan-4-2026
B7SVX8	https://www.tfcstats.com/pickup/fun-stuff-central-monkey-lg-jan-20-2026
B7WKNA	https://www.tfcstats.com/pickup/fun-stuff-east-stormz2-lg-may-28-2026
B9FXFM	https://www.tfcstats.com/pickup/fun-stuff-central-raiden9-jan-12-2026
B9NYQX	https://www.tfcstats.com/pickup/fun-stuff-round-1-score-60-cranked-oct-15-2025
B9SGYN	https://www.tfcstats.com/pickup/fun-stuff-central-alchimy-lg-mar-17-2026
B9YYBR	https://www.tfcstats.com/pickup/fun-stuff-central-snow-gutter-dec-10-2025
BA5N5E	https://www.tfcstats.com/pickup/fun-stuff-central-shutdown2-lg2-may-29-2026
BAUXJ2	https://www.tfcstats.com/pickup/fun-stuff-east-monkey-lg-mar-8-2026
BCHF9N	https://www.tfcstats.com/pickup/fun-stuff-east-mortality-lg-jun-20-2026
BED749	https://www.tfcstats.com/pickup/fun-stuff-central-voltage-lg-dec-9-2025
BEUCPS	https://www.tfcstats.com/pickup/fun-stuff-east-openfire-lowgrens-jan-31-2026
BF3BML	https://www.tfcstats.com/pickup/fun-stuff-round-1-score-90-fry-baked-lg-oct-13-2025
BF4L4U	https://www.tfcstats.com/pickup/fun-stuff-east-nexus-b4-mar-20-2026
BFCS4N	https://www.tfcstats.com/pickup/fun-stuff-east-stormz2-lg-apr-17-2026
BFFAWT	https://www.tfcstats.com/pickup/fun-stuff-central-schtop-may-26-2026
BG6X2X	https://www.tfcstats.com/pickup/fun-stuff-central-openfire-lowgrens-apr-25-2026
BGB9LQ	https://www.tfcstats.com/pickup/fun-stuff-central-castra-b6-mar-13-2026
BGF3GR	https://www.tfcstats.com/pickup/fun-stuff-east-phantom-lg-nov-25-2025
BGHA85	https://www.tfcstats.com/pickup/fun-stuff-central-raiden9-mar-14-2026
BGHELC	https://www.tfcstats.com/pickup/fun-stuff-central-monkey-lg-jun-20-2026
BGRCXL	https://www.tfcstats.com/pickup/fun-stuff-east-alchimy-lg-mar-11-2026
BH4949	https://www.tfcstats.com/pickup/fun-stuff-central2-openfire-lowgrens-jun-7-2026
BJ7YBR	https://www.tfcstats.com/pickup/fun-stuff-central-siege-jan-10-2026
BJQDEG	https://www.tfcstats.com/pickup/fun-stuff-central2-blutopia-tfp-jun-8-2026
BJVJCW	https://www.tfcstats.com/pickup/fun-stuff-central-phantom-lg-may-5-2026
BKMN4X	https://www.tfcstats.com/pickup/fun-stuff-west-schtop-jun-19-2026
BKU589	https://www.tfcstats.com/pickup/fun-stuff-central-raiden9-may-31-2026
BLCCRD	https://www.tfcstats.com/pickup/fun-stuff-east-proton-l-jan-27-2026
BMFKJG	https://www.tfcstats.com/pickup/fun-stuff-east-phantom-lg-nov-18-2025
BMS5LH	https://www.tfcstats.com/pickup/fun-stuff-central2-schtop-jun-15-2026
BN46JF	https://www.tfcstats.com/pickup/fun-stuff-central-cranked-may-5-2026
BN842Y	https://www.tfcstats.com/pickup/fun-stuff-east-stormz2-lg-feb-24-2026
BP6XQM	https://www.tfcstats.com/pickup/fun-stuff-central-cranked-jan-2-2026-1
BQ8UGS	https://www.tfcstats.com/pickup/fun-stuff-east-snow-gutter-dec-1-2025
BR4ME7	https://www.tfcstats.com/pickup/fun-stuff-central-demolish2-b6-may-29-2026
BSCT7A	https://www.tfcstats.com/pickup/fun-stuff-central-cranked-may-26-2026
BT83C2	https://www.tfcstats.com/pickup/fun-stuff-central-demolish2-b5-jan-21-2026
BTEMD2	https://www.tfcstats.com/pickup/fun-stuff-east-phantom-lg-feb-15-2026
BTXC3Y	https://www.tfcstats.com/pickup/fun-stuff-east-phantom-lg-feb-6-2026
BUGKTA	https://www.tfcstats.com/pickup/fun-stuff-central-siege-dec-7-2025
BVC3KJ	https://www.tfcstats.com/pickup/fun-stuff-central-monkey-lg-jan-26-2026
BVE8UA	https://www.tfcstats.com/pickup/fun-stuff-east-mm-crossfaded2-b9-nov-13-2025
BVG4QR	https://www.tfcstats.com/pickup/fun-stuff-central-monkey-lg-nov-12-2025
BVY97C	https://www.tfcstats.com/pickup/fun-stuff-central-demolish2-b4r-dec-7-2025
BW6WZJ	https://www.tfcstats.com/pickup/fun-stuff-round-1-score-50-schtop-oct-19-2025
BW739A	https://www.tfcstats.com/pickup/fun-stuff-round-1-score-60-raiden9-oct-13-2025
BXRT3C	https://www.tfcstats.com/pickup/fun-stuff-central-viridian-dec-10-2025
BYBEHK	https://www.tfcstats.com/pickup/fun-stuff-east-demolish2-b4r-dec-19-2025
BZC6UA	https://www.tfcstats.com/pickup/fun-stuff-central-fry-baked-lg-may-27-2026
BZFPP6	https://www.tfcstats.com/pickup/fun-stuff-openfire-lowgrens-oct-25-2025
BZG38D	https://www.tfcstats.com/pickup/fun-stuff-central-fry-baked-lg-nov-23-2025
BZMX97	https://www.tfcstats.com/pickup/fun-stuff-east-fry-baked-lg-jan-27-2026
BZXYQY	https://www.tfcstats.com/pickup/fun-stuff-east-phantom-lg-feb-23-2026
C2MQD2	https://www.tfcstats.com/pickup/fun-stuff-east-schtop-jun-4-2026
C2R2PX	https://www.tfcstats.com/pickup/fun-stuff-central-phantom-lg-nov-20-2025
C2UWLG	https://www.tfcstats.com/pickup/fun-stuff-east-stormz2-lg-apr-11-2026
C2X94Q	https://www.tfcstats.com/pickup/fun-stuff-east-cranked-jun-6-2026
C2YDD7	https://www.tfcstats.com/pickup/fun-stuff-east-demolish2-b6-feb-24-2026
C3A9ZX	https://www.tfcstats.com/pickup/fun-stuff-east-congestus-lg-feb-4-2026
C3EYF9	https://www.tfcstats.com/pickup/fun-stuff-central-raiden9-nov-11-2025-1
C3JYK7	https://www.tfcstats.com/pickup/fun-stuff-west-voltage-lg-jun-14-2026
C3PQU6	https://www.tfcstats.com/pickup/fun-stuff-central-openfire-lowgrens-dec-1-2025
C48PUQ	https://www.tfcstats.com/pickup/fun-stuff-central-nexus-b4-apr-22-2026
C5JY3Q	https://www.tfcstats.com/pickup/fun-stuff-east-shutdown2-lg2-feb-28-2026
C6KFFL	https://www.tfcstats.com/pickup/fun-stuff-east-spaceape-l-jun-14-2026
C6RASR	https://www.tfcstats.com/pickup/fun-stuff-central-raiden9-jan-3-2026
C6XSTN	https://www.tfcstats.com/pickup/fun-stuff-east-raiden9-mar-10-2026
C7CUNC	https://www.tfcstats.com/pickup/fun-stuff-central-stormz2-lg-dec-5-2025
C8BNLH	https://www.tfcstats.com/pickup/fun-stuff-central-schtop-nov-5-2025
C967XD	https://www.tfcstats.com/pickup/fun-stuff-schtop-oct-24-2025
C9KJKG	https://www.tfcstats.com/pickup/fun-stuff-central-schtop-dec-29-2025
C9ZBLN	https://www.tfcstats.com/pickup/fun-stuff-east-fry-baked-lg-feb-25-2026
CA3FPK	https://www.tfcstats.com/pickup/fun-stuff-central-openfire-lowgrens-mar-29-2026
CAX5KF	https://www.tfcstats.com/pickup/fun-stuff-east-monkey-lg-mar-11-2026
CAXWQX	https://www.tfcstats.com/pickup/fun-stuff-central-stormz2-lg-feb-13-2026
CBHJLD	https://www.tfcstats.com/pickup/fun-stuff-central-alchimy-lg-may-19-2026
CD8R75	https://www.tfcstats.com/pickup/fun-stuff-central-blutopia-tfp-jan-30-2026
CDM9VF	https://www.tfcstats.com/pickup/fun-stuff-central-castra-b6-apr-14-2026
CDSG36	https://www.tfcstats.com/pickup/fun-stuff-central-monkey-lg-dec-3-2025
CEVJ9H	https://www.tfcstats.com/pickup/fun-stuff-east-phantom-lg-may-29-2026
CGPKYQ	https://www.tfcstats.com/pickup/fun-stuff-central-monkey-lg-mar-21-2026
CJ92EE	https://www.tfcstats.com/pickup/fun-stuff-central-schtop-jan-30-2026
CJLAG5	https://www.tfcstats.com/pickup/fun-stuff-east-demolish2-b6-feb-14-2026
CJQH73	https://www.tfcstats.com/pickup/fun-stuff-central2-monkey-lg-jun-11-2026
CK29U8	https://www.tfcstats.com/pickup/fun-stuff-east-monkey-lg-feb-26-2026
CL856Y	https://www.tfcstats.com/pickup/fun-stuff-east-snow-gutter-feb-4-2026
CLWSLC	https://www.tfcstats.com/pickup/fun-stuff-east-cranked-dec-5-2025
CM2XJU	https://www.tfcstats.com/pickup/fun-stuff-round-1-score-40-cranked-oct-18-2025
CNM3EE	https://www.tfcstats.com/pickup/fun-stuff-central-copper2-dec-31-1969-1
CP3MTW	https://www.tfcstats.com/pickup/fun-stuff-east-phantom-lg-feb-24-2026
CP988M	https://www.tfcstats.com/pickup/fun-stuff-central-monkey-lg-dec-18-2025
CPCS47	https://www.tfcstats.com/pickup/fun-stuff-east-schtop-jun-9-2026
CQH8MF	https://www.tfcstats.com/pickup/fun-stuff-central-alchimy-lg-may-12-2026
CQJ3KV	https://www.tfcstats.com/pickup/fun-stuff-east-cranked-jun-12-2026
CQLWZ5	https://www.tfcstats.com/pickup/fun-stuff-east-stowaway2-lg2-mar-12-2026
CRPCZW	https://www.tfcstats.com/pickup/fun-stuff-east-schtop-mar-9-2026
CRZ8UH	https://www.tfcstats.com/pickup/fun-stuff-central-schtop-feb-14-2026
CS3RXS	https://www.tfcstats.com/pickup/fun-stuff-east-openfire-lowgrens-mar-14-2026
CS6J7G	https://www.tfcstats.com/pickup/fun-stuff-phantom-lg-oct-28-2025
CSHT5V	https://www.tfcstats.com/pickup/fun-stuff-central-stormz2-lg-mar-22-2026
CU33E2	https://www.tfcstats.com/pickup/fun-stuff-east-phantom-lg-may-27-2026
CU4QPU	https://www.tfcstats.com/pickup/fun-stuff-east-stormz2-lg-feb-28-2026
CU9N2R	https://www.tfcstats.com/pickup/fun-stuff-east-raiden9-feb-24-2026
CVA3BM	https://www.tfcstats.com/pickup/fun-stuff-central-castra-b6-apr-6-2026
CWJ2HF	https://www.tfcstats.com/pickup/fun-stuff-shutdown2-lg2-nov-2-2025
CWWURM	https://www.tfcstats.com/pickup/fun-stuff-east-raiden9-mar-20-2026
CY3C2R	https://www.tfcstats.com/pickup/fun-stuff-east-openfire-lowgrens-jun-5-2026
CZJC9U	https://www.tfcstats.com/pickup/fun-stuff-east-fry-baked-lg-may-30-2026
D29TPS	https://www.tfcstats.com/pickup/fun-stuff-east-shutdown2-lg2-feb-22-2026
D2BRP6	https://www.tfcstats.com/pickup/fun-stuff-cranked-oct-28-2025-1
D3PH6W	https://www.tfcstats.com/pickup/fun-stuff-schtop-oct-22-2025
D4WT2D	https://www.tfcstats.com/pickup/fun-stuff-east-siege-mar-4-2026
D63T44	https://www.tfcstats.com/pickup/fun-stuff-central-shutdown2-lg2-jan-18-2026
D6SLSQ	https://www.tfcstats.com/pickup/fun-stuff-east-alchimy-lg-apr-1-2026
D6YX5A	https://www.tfcstats.com/pickup/fun-stuff-central-raiden9-feb-1-2026
D7DMNY	https://www.tfcstats.com/pickup/fun-stuff-central-snow-gutter-dec-30-2025
D85E63	https://www.tfcstats.com/pickup/fun-stuff-raiden9-oct-24-2025
D8AZX4	https://www.tfcstats.com/pickup/fun-stuff-central-openfire-lowgrens-mar-22-2026
D8JKNQ	https://www.tfcstats.com/pickup/fun-stuff-central-monkey-lg-nov-29-2025
D8YV4P	https://www.tfcstats.com/pickup/fun-stuff-central-alchimy-lg-mar-21-2026
DA5RX8	https://www.tfcstats.com/pickup/fun-stuff-east-alchimy-lg-feb-10-2026
DAZ7EN	https://www.tfcstats.com/pickup/fun-stuff-central-alchimy-lg-may-26-2026-1
DB28XW	https://www.tfcstats.com/pickup/fun-stuff-east-spaceape-l-feb-24-2026
DB9WEK	https://www.tfcstats.com/pickup/fun-stuff-central-raiden9-dec-31-2025-1
DBCEFQ	https://www.tfcstats.com/pickup/fun-stuff-round-1-score-90-raiden9-oct-17-2025
DBPFR3	https://www.tfcstats.com/pickup/fun-stuff-central-waterwar-lg-dec-30-2025
DD3345	https://www.tfcstats.com/pickup/fun-stuff-east-fry-baked-lg-apr-17-2026
DE8LUM	https://www.tfcstats.com/pickup/fun-stuff-east-snow-gutter-apr-3-2026
DESR6U	https://www.tfcstats.com/pickup/fun-stuff-east-schtop-apr-21-2026
DEUJHD	https://www.tfcstats.com/pickup/fun-stuff-central-siden-lg-jan-9-2026
DFWJRH	https://www.tfcstats.com/pickup/fun-stuff-east-orbit-tfp-dec-13-2025
DG9ABU	https://www.tfcstats.com/pickup/fun-stuff-east-schtop-mar-28-2026
DGYY5J	https://www.tfcstats.com/pickup/fun-stuff-central-blutopia-tfp-jan-24-2026
DHPZBW	https://www.tfcstats.com/pickup/fun-stuff-east-stormz2-lg-nov-9-2025
DHQZUF	https://www.tfcstats.com/pickup/fun-stuff-raiden9-oct-31-2025
DHVQ6B	https://www.tfcstats.com/pickup/fun-stuff-central-phantom-lg-mar-26-2026
DJ7RX9	https://www.tfcstats.com/pickup/fun-stuff-stormz2-lg-oct-22-2025
DJBYWQ	https://www.tfcstats.com/pickup/fun-stuff-mm-crossfaded2-b8-oct-21-2025
DJELE8	https://www.tfcstats.com/pickup/fun-stuff-east-alchimy-lg-nov-4-2025
DKC7FN	https://www.tfcstats.com/pickup/fun-stuff-central-fry-baked-lg-jan-8-2026
DKUDL9	https://www.tfcstats.com/pickup/fun-stuff-central-monkey-lg-dec-29-2025
DKXPUL	https://www.tfcstats.com/pickup/fun-stuff-castra-b4-oct-31-2025
DL8GH2	https://www.tfcstats.com/pickup/fun-stuff-central-viridian-mar-24-2026
DL8L3D	https://www.tfcstats.com/pickup/fun-stuff-west-phantom-lg-jun-17-2026
DLJCTH	https://www.tfcstats.com/pickup/fun-stuff-east-viridian-jan-16-2026
DLZCWJ	https://www.tfcstats.com/pickup/fun-stuff-central-schtop-mar-18-2026
DM3X8U	https://www.tfcstats.com/pickup/fun-stuff-east-raiden9-may-12-2026
DMGGN4	https://www.tfcstats.com/pickup/fun-stuff-east-demolish2-b6-apr-21-2026
DMZYYM	https://www.tfcstats.com/pickup/fun-stuff-central-shutdown2-lg2-nov-8-2025
DN2PFW	https://www.tfcstats.com/pickup/fun-stuff-central2-castra-b6-jun-13-2026
DN7JLP	https://www.tfcstats.com/pickup/fun-stuff-central-torch2-mar-14-2026
DNAQKD	https://www.tfcstats.com/pickup/fun-stuff-central-cranked-apr-18-2026-1
DNZGBZ	https://www.tfcstats.com/pickup/fun-stuff-waterwar-lg-oct-24-2025
DP8X48	https://www.tfcstats.com/pickup/fun-stuff-east-phantom-lg-nov-23-2025
DPAGYA	https://www.tfcstats.com/pickup/fun-stuff-central2-stormz2-lg-jun-10-2026
DPNWUZ	https://www.tfcstats.com/pickup/fun-stuff-east-cranked-apr-30-2026
DRMBYG	https://www.tfcstats.com/pickup/fun-stuff-west-fry-baked-lg-jun-17-2026
DS35X9	https://www.tfcstats.com/pickup/fun-stuff-east-shutdown2-lg2-jan-27-2026
DSH3SV	https://www.tfcstats.com/pickup/fun-stuff-east-phantom-lg-apr-4-2026-1
DSR262	https://www.tfcstats.com/pickup/fun-stuff-round-1-score-65-cranked-oct-16-2025-1
DTAS5S	https://www.tfcstats.com/pickup/fun-stuff-east-monkey-lg-mar-10-2026
DTH2E3	https://www.tfcstats.com/pickup/fun-stuff-central-demolish2-b4r-nov-30-2025
DTHFR3	https://www.tfcstats.com/pickup/fun-stuff-central-blutopia-tfp-apr-1-2026
DTYXHQ	https://www.tfcstats.com/pickup/fun-stuff-east-demolish2-b6-apr-22-2026
DUAVU4	https://www.tfcstats.com/pickup/fun-stuff-central-demolish2-b5-jan-8-2026
DUF24A	https://www.tfcstats.com/pickup/fun-stuff-central-cranked-dec-19-2025
DURDGV	https://www.tfcstats.com/pickup/fun-stuff-central-proton-l-dec-10-2025
DV3LH7	https://www.tfcstats.com/pickup/fun-stuff-east-raiden9-apr-12-2026
DV4DJK	https://www.tfcstats.com/pickup/fun-stuff-stormz2-lg-oct-23-2025-1
DVZK22	https://www.tfcstats.com/pickup/fun-stuff-central-snow-gutter-nov-12-2025
DW8YAY	https://www.tfcstats.com/pickup/fun-stuff-east-cranked-mar-25-2026
DWKZ6F	https://www.tfcstats.com/pickup/fun-stuff-east-blutopia-tfp-jan-12-2026
DY42NF	https://www.tfcstats.com/pickup/fun-stuff-east-mm-crossfaded2-b9-dec-13-2025
DZEULQ	https://www.tfcstats.com/pickup/fun-stuff-central-phantom-lg-jun-20-2026
DZGSP5	https://www.tfcstats.com/pickup/fun-stuff-central-castra-b5-jan-3-2026
DZXTDS	https://www.tfcstats.com/pickup/fun-stuff-east-phantom-lg-feb-25-2026
E2H93V	https://www.tfcstats.com/pickup/fun-stuff-siege-oct-21-2025
E35EGD	https://www.tfcstats.com/pickup/fun-stuff-east-datchurch-feb-11-2026
E3CR9B	https://www.tfcstats.com/pickup/fun-stuff-central-blutopia-tfp-apr-19-2026
E487VT	https://www.tfcstats.com/pickup/fun-stuff-proton-l-nov-3-2025
E56PFU	https://www.tfcstats.com/pickup/fun-stuff-east-schtop-apr-10-2026
E5B3WQ	https://www.tfcstats.com/pickup/fun-stuff-central-demolish2-b4r-nov-16-2025
E66W8G	https://www.tfcstats.com/pickup/fun-stuff-east-stowaway2-lg2-nov-18-2025
E6HGXF	https://www.tfcstats.com/pickup/fun-stuff-east-snow-gutter-jan-25-2026
E7CCMZ	https://www.tfcstats.com/pickup/fun-stuff-east-stormz2-lg-feb-1-2026
E7H525	https://www.tfcstats.com/pickup/fun-stuff-schtop-oct-26-2025
E7KAGQ	https://www.tfcstats.com/pickup/fun-stuff-raiden9-oct-28-2025
E8ACDJ	https://www.tfcstats.com/pickup/fun-stuff-east-alchimy-lg-mar-8-2026
EA6S57	https://www.tfcstats.com/pickup/fun-stuff-east-cranked-dec-1-2025
EAYSHH	https://www.tfcstats.com/pickup/fun-stuff-central-cranked-nov-26-2025
ECXVBQ	https://www.tfcstats.com/pickup/fun-stuff-central-shutdown2-lg2-jun-1-2026
EDAZVF	https://www.tfcstats.com/pickup/fun-stuff-east-cranked-dec-3-2025
EDUZZZ	https://www.tfcstats.com/pickup/fun-stuff-central-schtop-feb-10-2026
EDYAKX	https://www.tfcstats.com/pickup/fun-stuff-central-blutopia-tfp-mar-6-2026
EF3FMP	https://www.tfcstats.com/pickup/fun-stuff-east-alchimy-lg-apr-17-2026
EFQK53	https://www.tfcstats.com/pickup/fun-stuff-central-congestus-lg-mar-13-2026
EG4TUZ	https://www.tfcstats.com/pickup/fun-stuff-east-stormz2-lg-feb-18-2026
EG6J62	https://www.tfcstats.com/pickup/fun-stuff-stormz2-lg-oct-28-2025
EGRBW8	https://www.tfcstats.com/pickup/fun-stuff-round-1-score-110-siege-oct-15-2025
EGYB4H	https://www.tfcstats.com/pickup/fun-stuff-east-phantom-lg-feb-13-2026
EHKHRZ	https://www.tfcstats.com/pickup/fun-stuff-central-phantom-lg-dec-26-2025
EKPUQC	https://www.tfcstats.com/pickup/fun-stuff-central-siege-dec-27-2025
EL83TZ	https://www.tfcstats.com/pickup/fun-stuff-central-blutopia-tfp-apr-3-2026
ENAFY9	https://www.tfcstats.com/pickup/fun-stuff-phantom-lg-oct-23-2025-1
ENKG37	https://www.tfcstats.com/pickup/fun-stuff-central-stormz2-lg-feb-6-2026
ENQEJ4	https://www.tfcstats.com/pickup/fun-stuff-central-fry-baked-lg-jan-20-2026
EP5D2B	https://www.tfcstats.com/pickup/fun-stuff-east-monkey-lg-mar-27-2026
EPXSYF	https://www.tfcstats.com/pickup/fun-stuff-central-toasted-b16-jan-9-2026
EQBEHX	https://www.tfcstats.com/pickup/fun-stuff-central-monkey-lg-may-5-2026
EQTH82	https://www.tfcstats.com/pickup/fun-stuff-central-demolish2-b6-jun-8-2026
ERENRF	https://www.tfcstats.com/pickup/fun-stuff-east-raiden9-jan-28-2026
EREQMB	https://www.tfcstats.com/pickup/fun-stuff-central-cranked-nov-23-2025
ERRCCF	https://www.tfcstats.com/pickup/fun-stuff-central-alchimy-lg-nov-13-2025
ERT42B	https://www.tfcstats.com/pickup/fun-stuff-east-waterwar-lg-dec-23-2025
ET24CW	https://www.tfcstats.com/pickup/fun-stuff-east-schtop-mar-21-2026-1
ETGKYX	https://www.tfcstats.com/pickup/fun-stuff-central-shutdown2-lg2-mar-28-2026
ETMK6H	https://www.tfcstats.com/pickup/fun-stuff-central-raiden9-apr-15-2026
EU3QZL	https://www.tfcstats.com/pickup/fun-stuff-central-proton-l-jan-16-2026
EU98RP	https://www.tfcstats.com/pickup/fun-stuff-central2-congestus-lg-jun-12-2026
EUCLRZ	https://www.tfcstats.com/pickup/fun-stuff-stormz2-lg-oct-26-2025-1
EUGUS2	https://www.tfcstats.com/pickup/fun-stuff-central-2mesa3-lg-dec-25-2025
EUMT75	https://www.tfcstats.com/pickup/fun-stuff-central-snow-gutter-jan-15-2026
EUQYCJ	https://www.tfcstats.com/pickup/fun-stuff-central-pitfall-apr-21-2026
EVCGUE	https://www.tfcstats.com/pickup/fun-stuff-east-siege-feb-18-2026
EVVX9W	https://www.tfcstats.com/pickup/fun-stuff-central-snow-gutter-may-4-2026
EVZAXN	https://www.tfcstats.com/pickup/fun-stuff-central-stormz2-lg-dec-29-2025
EWK82M	https://www.tfcstats.com/pickup/fun-stuff-east-phantom-lg-jan-27-2026
EX8UB9	https://www.tfcstats.com/pickup/fun-stuff-east-phantom-lg-apr-3-2026
EXGL83	https://www.tfcstats.com/pickup/fun-stuff-east-pitfall-dec-13-2025
EY5BET	https://www.tfcstats.com/pickup/fun-stuff-central-stormz2-lg-nov-17-2025
EZRRJB	https://www.tfcstats.com/pickup/fun-stuff-east-schtop-jun-5-2026-1
F2N64A	https://www.tfcstats.com/pickup/fun-stuff-central-siege-apr-7-2026
F35P4N	https://www.tfcstats.com/pickup/fun-stuff-central-waterwar-lg-nov-24-2025
F38BJ7	https://www.tfcstats.com/pickup/fun-stuff-east-alchimy-lg-jun-20-2026
F38RKA	https://www.tfcstats.com/pickup/fun-stuff-central-demolish2-b6-mar-5-2026
F3NT6X	https://www.tfcstats.com/pickup/fun-stuff-east-stormz2-lg-jan-16-2026
F45DA5	https://www.tfcstats.com/pickup/fun-stuff-east-proton-l-jun-3-2026
F4KMB8	https://www.tfcstats.com/pickup/fun-stuff-alchimy-lg-oct-27-2025-1
F5A6AA	https://www.tfcstats.com/pickup/fun-stuff-east-mortality-lg-jan-1-2026
F6FA9N	https://www.tfcstats.com/pickup/fun-stuff-east-fry-baked-lg-apr-29-2026
F6KHEF	https://www.tfcstats.com/pickup/fun-stuff-central-monkey-lg-apr-14-2026
F7DSCG	https://www.tfcstats.com/pickup/fun-stuff-central-phantom-lg-apr-25-2026
F8Q3T7	https://www.tfcstats.com/pickup/fun-stuff-central-stormz2-lg-may-29-2026
F8YVSA	https://www.tfcstats.com/pickup/fun-stuff-east-siege-jan-17-2026
F9CWXN	https://www.tfcstats.com/pickup/fun-stuff-east-siege-feb-24-2026
FA75V9	https://www.tfcstats.com/pickup/fun-stuff-east-stormz2-lg-nov-4-2025
FB9YLU	https://www.tfcstats.com/pickup/fun-stuff-east-stormz2-lg-mar-8-2026
FBC29P	https://www.tfcstats.com/pickup/fun-stuff-central-alchimy-lg-nov-30-2025
FBKE67	https://www.tfcstats.com/pickup/fun-stuff-cranked-nov-3-2025
FC9Y3W	https://www.tfcstats.com/pickup/fun-stuff-central-blutopia-tfp-nov-18-2025
FDHUX8	https://www.tfcstats.com/pickup/fun-stuff-castra-b4-oct-21-2025
FDPSWU	https://www.tfcstats.com/pickup/fun-stuff-central-schtop-mar-22-2026
FDWLPY	https://www.tfcstats.com/pickup/fun-stuff-central-stormz2-lg-jun-18-2026
FEGWQ2	https://www.tfcstats.com/pickup/fun-stuff-east-raiden9-feb-10-2026
FERRKN	https://www.tfcstats.com/pickup/fun-stuff-central-monkey-lg-mar-12-2026
FEU7KF	https://www.tfcstats.com/pickup/fun-stuff-east-demolish2-b5-dec-30-2025
FF2FZL	https://www.tfcstats.com/pickup/fun-stuff-central-siden-lg-mar-18-2026
FFEFD6	https://www.tfcstats.com/pickup/fun-stuff-central-monkey-lg-jan-2-2026
FFMDZU	https://www.tfcstats.com/pickup/fun-stuff-round-1-score-100-demolish2-b4r-oct-16-2025
FFSYP3	https://www.tfcstats.com/pickup/fun-stuff-central2-siege-jun-12-2026
FFTFS6	https://www.tfcstats.com/pickup/fun-stuff-shutdown2-lg2-oct-28-2025
FGSWFY	https://www.tfcstats.com/pickup/fun-stuff-east-spaceape-l-nov-7-2025
FGZDV4	https://www.tfcstats.com/pickup/fun-stuff-east-stormz2-lg-mar-11-2026
FHE4S5	https://www.tfcstats.com/pickup/fun-stuff-central-congestus-lg-feb-19-2026
FHEZZK	https://www.tfcstats.com/pickup/fun-stuff-round-1-score-60-cranked-oct-13-2025
FJ9SZW	https://www.tfcstats.com/pickup/fun-stuff-central-alchimy-lg-dec-30-2025
FJNXJQ	https://www.tfcstats.com/pickup/fun-stuff-phantom-lg-nov-2-2025
FKSRNH	https://www.tfcstats.com/pickup/fun-stuff-east-raiden9-may-21-2026
FM3EUD	https://www.tfcstats.com/pickup/fun-stuff-east-stormz2-lg-may-12-2026
FMHPA7	https://www.tfcstats.com/pickup/fun-stuff-raiden9-oct-29-2025
FMMUZL	https://www.tfcstats.com/pickup/fun-stuff-east-mortality-lg-mar-30-2026
FNFETB	https://www.tfcstats.com/pickup/fun-stuff-east-siege-jan-2-2026
FNLZE8	https://www.tfcstats.com/pickup/fun-stuff-round-1-score-80-viridian-oct-15-2025
FNQRR3	https://www.tfcstats.com/pickup/fun-stuff-snow-gutter-oct-25-2025
FQQ69J	https://www.tfcstats.com/pickup/fun-stuff-east-demolish2-b6-jun-17-2026
FQRE95	https://www.tfcstats.com/pickup/fun-stuff-central-phantom-lg-dec-11-2025
FRDGSA	https://www.tfcstats.com/pickup/fun-stuff-east-monkey-lg-nov-29-2025
FS35D5	https://www.tfcstats.com/pickup/fun-stuff-central-siege-dec-31-2025-1
FS8ZNG	https://www.tfcstats.com/pickup/fun-stuff-central-castra-b6-jun-16-2026
FTA83N	https://www.tfcstats.com/pickup/fun-stuff-central-castra-b5-jan-27-2026
FTKEDY	https://www.tfcstats.com/pickup/fun-stuff-east-monkey-lg-jan-4-2026
FTTBDR	https://www.tfcstats.com/pickup/fun-stuff-central-cranked-feb-3-2026
FTZA72	https://www.tfcstats.com/pickup/fun-stuff-central-blutopia-tfp-jan-15-2026
FU34TY	https://www.tfcstats.com/pickup/fun-stuff-castra-b4-oct-28-2025
FUDS7U	https://www.tfcstats.com/pickup/fun-stuff-central-cranked-nov-7-2025
FUHHJE	https://www.tfcstats.com/pickup/fun-stuff-central-cranked-jun-6-2026
FUHRTX	https://www.tfcstats.com/pickup/fun-stuff-demolish2-b4r-oct-27-2025
FV3LJR	https://www.tfcstats.com/pickup/fun-stuff-east-schtop-nov-17-2025
FWA4LE	https://www.tfcstats.com/pickup/fun-stuff-round-1-score-40-stormz2-lg-oct-17-2025
FWNTU9	https://www.tfcstats.com/pickup/fun-stuff-east-blutopia-tfp-feb-22-2026
FX6552	https://www.tfcstats.com/pickup/fun-stuff-east-congestus-lg-mar-26-2026
FXPHF3	https://www.tfcstats.com/pickup/fun-stuff-central-raiden9-dec-14-2025
FY5AZU	https://www.tfcstats.com/pickup/fun-stuff-east-demolish2-b6-jun-5-2026
FY6B8Q	https://www.tfcstats.com/pickup/fun-stuff-central2-stormz2-lg-jun-8-2026
FYG25V	https://www.tfcstats.com/pickup/fun-stuff-east-mortality-lg-feb-9-2026
FYGUDD	https://www.tfcstats.com/pickup/fun-stuff-east-cranked-jun-3-2026
G2R2FB	https://www.tfcstats.com/pickup/fun-stuff-central-raiden9-mar-17-2026
G3SJYF	https://www.tfcstats.com/pickup/fun-stuff-central-demolish2-b6-mar-7-2026
G43QY3	https://www.tfcstats.com/pickup/fun-stuff-central-stormz2-lg-feb-19-2026
G44FFW	https://www.tfcstats.com/pickup/fun-stuff-central-phantom-lg-nov-29-2025
G5AR9D	https://www.tfcstats.com/pickup/fun-stuff-central-demolish2-b5-jan-23-2026
G7FZWY	https://www.tfcstats.com/pickup/fun-stuff-central-castra-b5-nov-29-2025
G7QTBJ	https://www.tfcstats.com/pickup/fun-stuff-snow-gutter-oct-28-2025
G8WEH8	https://www.tfcstats.com/pickup/fun-stuff-east-raiden9-jun-20-2026
G98ZSR	https://www.tfcstats.com/pickup/fun-stuff-central-monkey-lg-mar-16-2026
G9R9FL	https://www.tfcstats.com/pickup/fun-stuff-destroy-l-oct-26-2025
GA4D39	https://www.tfcstats.com/pickup/fun-stuff-east-monkey-lg-nov-15-2025
GAQHTF	https://www.tfcstats.com/pickup/fun-stuff-east-siege-jun-16-2026
GAZCRJ	https://www.tfcstats.com/pickup/fun-stuff-central-cranked-jan-12-2026
GC3YE4	https://www.tfcstats.com/pickup/fun-stuff-east-stormz2-lg-mar-17-2026
GC9L5B	https://www.tfcstats.com/pickup/fun-stuff-central-blutopia-tfp-nov-19-2025
GCRGGX	https://www.tfcstats.com/pickup/fun-stuff-east-fry-baked-lg-apr-19-2026
GDFK25	https://www.tfcstats.com/pickup/fun-stuff-central-cranked-feb-15-2026
GDJ36M	https://www.tfcstats.com/pickup/fun-stuff-blutopia-tfp-oct-27-2025
GEK678	https://www.tfcstats.com/pickup/fun-stuff-east-raiden9-nov-29-2025
GERDF8	https://www.tfcstats.com/pickup/fun-stuff-central-demolish2-b4r-nov-4-2025-1
GFB97J	https://www.tfcstats.com/pickup/fun-stuff-central-waterwar-lg-mar-11-2026
GGBL6X	https://www.tfcstats.com/pickup/fun-stuff-east-alchimy-lg-mar-30-2026
GGJZ5F	https://www.tfcstats.com/pickup/fun-stuff-east-alchimy-lg-feb-17-2026
GGM2PT	https://www.tfcstats.com/pickup/fun-stuff-central-mm-crossfaded2-b9-jan-20-2026
GGZY8Z	https://www.tfcstats.com/pickup/fun-stuff-central-stormz2-lg-dec-17-2025
GHAGDQ	https://www.tfcstats.com/pickup/fun-stuff-east-phantom-lg-nov-15-2025
GJ64SN	https://www.tfcstats.com/pickup/fun-stuff-central-raiden9-jan-3-2026-1
GJQFAG	https://www.tfcstats.com/pickup/fun-stuff-east-raiden9-mar-26-2026
GK5M77	https://www.tfcstats.com/pickup/fun-stuff-east-openfire-lowgrens-nov-16-2025
GL2AFZ	https://www.tfcstats.com/pickup/fun-stuff-central-alchimy-lg-jan-23-2026
GLN3Y8	https://www.tfcstats.com/pickup/fun-stuff-east-phantom-lg-mar-1-2026
GNFC4H	https://www.tfcstats.com/pickup/fun-stuff-central-siege-dec-18-2025
GNUTW8	https://www.tfcstats.com/pickup/fun-stuff-central-schtop-jan-14-2026
GNWHKT	https://www.tfcstats.com/pickup/fun-stuff-central-cranked-nov-22-2025
GP8REY	https://www.tfcstats.com/pickup/fun-stuff-east-raiden9-apr-21-2026
GPBXCK	https://www.tfcstats.com/pickup/fun-stuff-central-demolish2-b6-mar-27-2026
GPLF3W	https://www.tfcstats.com/pickup/fun-stuff-central-blutopia-tfp-nov-14-2025
GPUK9P	https://www.tfcstats.com/pickup/fun-stuff-central-siege-feb-19-2026
GPV3V7	https://www.tfcstats.com/pickup/fun-stuff-central-stormz2-lg-apr-9-2026
GQJHZL	https://www.tfcstats.com/pickup/fun-stuff-central-phantom-lg-may-1-2026
GR49K6	https://www.tfcstats.com/pickup/fun-stuff-east-openfire-lowgrens-feb-11-2026
GRC37A	https://www.tfcstats.com/pickup/fun-stuff-voltage-lg-oct-27-2025
GRLC8N	https://www.tfcstats.com/pickup/fun-stuff-east-schtop-may-31-2026
GSFBPW	https://www.tfcstats.com/pickup/fun-stuff-monkey-lg-oct-22-2025-1
GSTR3A	https://www.tfcstats.com/pickup/fun-stuff-east-monkey-lg-mar-31-2026
GTDKGA	https://www.tfcstats.com/pickup/fun-stuff-central-schtop-jun-14-2026
GU9TU9	https://www.tfcstats.com/pickup/fun-stuff-central-cranked-nov-21-2025
GVCTZA	https://www.tfcstats.com/pickup/fun-stuff-central-monkey-lg-jan-18-2026-1
GVJWTP	https://www.tfcstats.com/pickup/fun-stuff-central-monkey-lg-dec-17-2025
GW22DN	https://www.tfcstats.com/pickup/fun-stuff-central-alchimy-lg-mar-27-2026
GW4RAL	https://www.tfcstats.com/pickup/fun-stuff-central-proton-l-mar-24-2026
GWJVDZ	https://www.tfcstats.com/pickup/fun-stuff-east-phantom-lg-mar-11-2026
GWPT7K	https://www.tfcstats.com/pickup/fun-stuff-round-1-score-90-congestus-lg-oct-14-2025
GX3KN8	https://www.tfcstats.com/pickup/fun-stuff-central2-castra-b6-jun-8-2026
GXEEY4	https://www.tfcstats.com/pickup/fun-stuff-central-phantom-lg-apr-1-2026
GXLZUE	https://www.tfcstats.com/pickup/fun-stuff-central-raiden9-nov-11-2025
GXXCYW	https://www.tfcstats.com/pickup/fun-stuff-east-demolish2-b6-apr-1-2026
GYDQCM	https://www.tfcstats.com/pickup/fun-stuff-central-schtop-apr-19-2026
GYQ2RF	https://www.tfcstats.com/pickup/fun-stuff-central-cranked-dec-13-2025
GYYT7F	https://www.tfcstats.com/pickup/fun-stuff-central-demolish2-b4r-dec-25-2025
GZ7QA8	https://www.tfcstats.com/pickup/fun-stuff-central-stormz2-lg-jan-27-2026
GZJ2VL	https://www.tfcstats.com/pickup/fun-stuff-east-fry-baked-lg-mar-8-2026
GZZLNZ	https://www.tfcstats.com/pickup/fun-stuff-east-cranked-may-21-2026
H2VJG3	https://www.tfcstats.com/pickup/fun-stuff-east-blutopia-tfp-may-22-2026
H4RBVL	https://www.tfcstats.com/pickup/fun-stuff-central-waterwar-lg-nov-11-2025
H4Y3HX	https://www.tfcstats.com/pickup/fun-stuff-central-ostargh-dec-31-1969
H634VB	https://www.tfcstats.com/pickup/fun-stuff-central-raiden9-dec-31-2025
H736SX	https://www.tfcstats.com/pickup/fun-stuff-central-alchimy-lg-jan-5-2026
H7B7V2	https://www.tfcstats.com/pickup/fun-stuff-round-1-score-60-schtop-oct-14-2025
H7KR8D	https://www.tfcstats.com/pickup/fun-stuff-central-spaceape-l-jan-4-2026
HA5ZYN	https://www.tfcstats.com/pickup/fun-stuff-east-cranked-mar-31-2026
HBLZHJ	https://www.tfcstats.com/pickup/fun-stuff-central-phantom-lg-dec-18-2025
HBN6U9	https://www.tfcstats.com/pickup/fun-stuff-central-alchimy-lg-nov-7-2025
HCJ2PB	https://www.tfcstats.com/pickup/fun-stuff-central-phantom-lg-jan-18-2026
HDF3HC	https://www.tfcstats.com/pickup/fun-stuff-east-fry-baked-lg-jan-6-2026
HESMGE	https://www.tfcstats.com/pickup/fun-stuff-central-schtop-jan-6-2026
HFD2BM	https://www.tfcstats.com/pickup/fun-stuff-east-monkey-lg-jun-6-2026
HGCAC7	https://www.tfcstats.com/pickup/fun-stuff-central-castra-b6-apr-23-2026
HGRF2P	https://www.tfcstats.com/pickup/fun-stuff-demolish2-b4r-oct-29-2025
HHG59A	https://www.tfcstats.com/pickup/fun-stuff-east-alchimy-lg-apr-19-2026
HHZZKH	https://www.tfcstats.com/pickup/fun-stuff-central2-schtop-jun-13-2026
HJGVSL	https://www.tfcstats.com/pickup/fun-stuff-east-schtop-may-12-2026
HJWYMQ	https://www.tfcstats.com/pickup/fun-stuff-west-openfire-lowgrens-jun-19-2026
HLZSQA	https://www.tfcstats.com/pickup/fun-stuff-central-fry-baked-lg-mar-6-2026
HMSCAW	https://www.tfcstats.com/pickup/fun-stuff-central-stormz2-lg-apr-27-2026
HN4PJU	https://www.tfcstats.com/pickup/fun-stuff-central-stormz2-lg-jan-10-2026
HNYUDP	https://www.tfcstats.com/pickup/fun-stuff-central-raiden9-jan-9-2026
HP65DD	https://www.tfcstats.com/pickup/fun-stuff-east-demolish2-b6-feb-27-2026
HPFLRF	https://www.tfcstats.com/pickup/fun-stuff-east-cranked-feb-5-2026
HQ43NC	https://www.tfcstats.com/pickup/fun-stuff-pitfall-oct-27-2025
HQAJ38	https://www.tfcstats.com/pickup/fun-stuff-east-shutdown2-lg2-mar-19-2026
HQDXDF	https://www.tfcstats.com/pickup/fun-stuff-central-fry-baked-lg-jan-9-2026
HQK7UT	https://www.tfcstats.com/pickup/fun-stuff-central-snow-gutter-mar-29-2026
HQTYLL	https://www.tfcstats.com/pickup/fun-stuff-east-raiden9-jun-5-2026
HQYFMJ	https://www.tfcstats.com/pickup/fun-stuff-east-raiden9-feb-12-2026
HR6KFN	https://www.tfcstats.com/pickup/fun-stuff-east-phantom-lg-jun-8-2026
HR9F22	https://www.tfcstats.com/pickup/fun-stuff-east-phantom-lg-dec-8-2025
HRKSK2	https://www.tfcstats.com/pickup/fun-stuff-round-1-score-120-voltage-lg-oct-13-2025
HS63NA	https://www.tfcstats.com/pickup/fun-stuff-central-phantom-lg-mar-15-2026
HSFRDA	https://www.tfcstats.com/pickup/fun-stuff-east-mortality-lg-mar-2-2026
HSXU78	https://www.tfcstats.com/pickup/fun-stuff-east-blutopia-tfp-mar-24-2026
HUY2B4	https://www.tfcstats.com/pickup/fun-stuff-siege-oct-26-2025
HV248S	https://www.tfcstats.com/pickup/fun-stuff-central-alchimy-lg-nov-19-2025
HV7SVQ	https://www.tfcstats.com/pickup/fun-stuff-round-1-score-70-waterwar-lg-oct-15-2025
HWSKCF	https://www.tfcstats.com/pickup/fun-stuff-east-shutdown2-lg2-may-26-2026
HXY3DV	https://www.tfcstats.com/pickup/fun-stuff-east-fry-baked-lg-jan-4-2026
HXYXWB	https://www.tfcstats.com/pickup/fun-stuff-east-alchimy-lg-feb-2-2026
HY2PQM	https://www.tfcstats.com/pickup/fun-stuff-central-fry-baked-lg-feb-16-2026
HYGQPA	https://www.tfcstats.com/pickup/fun-stuff-central-cranked-feb-20-2026
HYVX9G	https://www.tfcstats.com/pickup/fun-stuff-east-snow-gutter-nov-18-2025
HZ9P2A	https://www.tfcstats.com/pickup/fun-stuff-central-fry-baked-lg-jan-2-2026
HZYG5N	https://www.tfcstats.com/pickup/fun-stuff-east-demolish2-b6-mar-17-2026
J24E2K	https://www.tfcstats.com/pickup/fun-stuff-east-stowaway2-lg2-jun-7-2026
J2US74	https://www.tfcstats.com/pickup/fun-stuff-central-cranked-apr-7-2026
J3ME9R	https://www.tfcstats.com/pickup/fun-stuff-central-fry-baked-lg-feb-17-2026
J3PKQU	https://www.tfcstats.com/pickup/fun-stuff-toasted-b16-oct-30-2025
J43DGY	https://www.tfcstats.com/pickup/fun-stuff-east-mortality-lg-apr-15-2026
J4HZ35	https://www.tfcstats.com/pickup/fun-stuff-east-schtop-feb-1-2026
J545S7	https://www.tfcstats.com/pickup/fun-stuff-central-phantom-lg-may-23-2026
J5NZUR	https://www.tfcstats.com/pickup/fun-stuff-east-monkey-lg-dec-30-2025
J8GCDD	https://www.tfcstats.com/pickup/fun-stuff-central-mortality-lg-feb-21-2026
J8NK8K	https://www.tfcstats.com/pickup/fun-stuff-east-schtop-mar-21-2026
J8PNFF	https://www.tfcstats.com/pickup/fun-stuff-central-openfire-lowgrens-jan-9-2026
JAWB2E	https://www.tfcstats.com/pickup/fun-stuff-east-monkey-lg-jun-7-2026
JBGLWY	https://www.tfcstats.com/pickup/fun-stuff-shutdown2-lg2-oct-23-2025
JBHDRV	https://www.tfcstats.com/pickup/fun-stuff-central-cranked-dec-2-2025
JC92KC	https://www.tfcstats.com/pickup/fun-stuff-central-mortality-lg-dec-12-2025
JCULXP	https://www.tfcstats.com/pickup/fun-stuff-central-cranked-mar-12-2026
JEX5EY	https://www.tfcstats.com/pickup/fun-stuff-east-phantom-lg-mar-3-2026
JFGVPW	https://www.tfcstats.com/pickup/fun-stuff-east-openfire-lowgrens-dec-6-2025
JFH2U2	https://www.tfcstats.com/pickup/fun-stuff-east-alchimy-lg-may-31-2026
JGSKCD	https://www.tfcstats.com/pickup/fun-stuff-east-demolish2-b4r-nov-11-2025
JGWVJK	https://www.tfcstats.com/pickup/fun-stuff-round-1-score-110-datchurch-oct-17-2025
JGY2ZC	https://www.tfcstats.com/pickup/fun-stuff-east-phantom-lg-mar-5-2026
JHC8JS	https://www.tfcstats.com/pickup/fun-stuff-schtop-oct-28-2025
JJ54XH	https://www.tfcstats.com/pickup/fun-stuff-east-cranked-feb-16-2026
JKT9YT	https://www.tfcstats.com/pickup/fun-stuff-central-shutdown2-lg2-nov-6-2025
JL2YJP	https://www.tfcstats.com/pickup/fun-stuff-east-monkey-lg-jun-13-2026
JLHWHB	https://www.tfcstats.com/pickup/fun-stuff-central-monkey-lg-apr-17-2026
JMCEL6	https://www.tfcstats.com/pickup/fun-stuff-central-siege-jan-19-2026
JQL3MK	https://www.tfcstats.com/pickup/fun-stuff-central-demolish2-b6-apr-27-2026
JQXFY7	https://www.tfcstats.com/pickup/fun-stuff-east-shutdown2-lg2-jun-20-2026
JQYT3E	https://www.tfcstats.com/pickup/fun-stuff-central-alchimy-lg-feb-6-2026
JR4MUW	https://www.tfcstats.com/pickup/fun-stuff-central-alchimy-lg-dec-13-2025
JRE9ER	https://www.tfcstats.com/pickup/fun-stuff-east-alchimy-lg-feb-12-2026
JRQWT7	https://www.tfcstats.com/pickup/fun-stuff-east-stormz2-lg-feb-14-2026
JS7Q4F	https://www.tfcstats.com/pickup/fun-stuff-central-cranked-jun-5-2026
JSF8ZT	https://www.tfcstats.com/pickup/fun-stuff-east-raiden9-apr-4-2026
JSLFGH	https://www.tfcstats.com/pickup/fun-stuff-east-monkey-lg-jan-27-2026
JSVP5Z	https://www.tfcstats.com/pickup/fun-stuff-central-openfire-lowgrens-apr-22-2026
JSXHF5	https://www.tfcstats.com/pickup/fun-stuff-central-cranked-apr-4-2026
JT6BZD	https://www.tfcstats.com/pickup/fun-stuff-central-raiden9-nov-9-2025
JTACHT	https://www.tfcstats.com/pickup/fun-stuff-round-1-score-40-phantom-lg-oct-16-2025-1
JTE7RG	https://www.tfcstats.com/pickup/fun-stuff-central-shutdown2-lg2-dec-31-2025
JTNVJ6	https://www.tfcstats.com/pickup/fun-stuff-central-monkey-lg-jun-4-2026
JTU7NZ	https://www.tfcstats.com/pickup/fun-stuff-blutopia-tfp-oct-20-2025
JUB224	https://www.tfcstats.com/pickup/fun-stuff-round-1-score-80-openfire-lowgrens-oct-17-2025
JV4RMD	https://www.tfcstats.com/pickup/fun-stuff-east-proton-l-dec-18-2025
JVLK56	https://www.tfcstats.com/pickup/fun-stuff-east-fry-baked-lg-jun-7-2026
JVRZRN	https://www.tfcstats.com/pickup/fun-stuff-central-schtop-jan-27-2026-1
JX2KEM	https://www.tfcstats.com/pickup/fun-stuff-east-phantom-lg-apr-19-2026
JX3AZQ	https://www.tfcstats.com/pickup/fun-stuff-central-schtop-jan-2-2026
JXEU2T	https://www.tfcstats.com/pickup/fun-stuff-central-cranked-dec-28-2025
JXGCAC	https://www.tfcstats.com/pickup/fun-stuff-schtop-oct-20-2025
JXS4XN	https://www.tfcstats.com/pickup/fun-stuff-central-stormz2-lg-nov-23-2025-1
JYDTFU	https://www.tfcstats.com/pickup/fun-stuff-central-snow-gutter-dec-5-2025
JYYVBG	https://www.tfcstats.com/pickup/fun-stuff-central-castra-b5-nov-26-2025
JZYS4T	https://www.tfcstats.com/pickup/fun-stuff-central-openfire-lowgrens-dec-23-2025
K2WF8X	https://www.tfcstats.com/pickup/fun-stuff-east-blutopia-tfp-nov-17-2025
K3UF5G	https://www.tfcstats.com/pickup/fun-stuff-central-monkey-lg-jun-3-2026
K5LTX4	https://www.tfcstats.com/pickup/fun-stuff-central-shutdown2-lg2-apr-28-2026
K5T65M	https://www.tfcstats.com/pickup/fun-stuff-central2-schtop-jun-20-2026
K6ECZ8	https://www.tfcstats.com/pickup/fun-stuff-central-demolish2-b4r-dec-18-2025
K7UPUH	https://www.tfcstats.com/pickup/fun-stuff-central-snow-gutter-jan-12-2026
K84SY6	https://www.tfcstats.com/pickup/fun-stuff-east-cranked-mar-11-2026
K8L3QW	https://www.tfcstats.com/pickup/fun-stuff-east-phantom-lg-apr-20-2026
KATBKJ	https://www.tfcstats.com/pickup/fun-stuff-central-demolish2-b4r-nov-4-2025
KAUPWH	https://www.tfcstats.com/pickup/fun-stuff-east-monkey-lg-apr-30-2026
KBBLG5	https://www.tfcstats.com/pickup/fun-stuff-central-cranked-mar-6-2026
KBR43G	https://www.tfcstats.com/pickup/fun-stuff-east-schtop-apr-5-2026
KBWP23	https://www.tfcstats.com/pickup/fun-stuff-central-stormz2-lg-jan-29-2026
KCT49P	https://www.tfcstats.com/pickup/fun-stuff-east-stormz2-lg-nov-25-2025
KDKFL4	https://www.tfcstats.com/pickup/fun-stuff-east-siden-lg-jan-29-2026
KDUHE3	https://www.tfcstats.com/pickup/fun-stuff-central-fry-baked-lg-apr-6-2026
KE3J27	https://www.tfcstats.com/pickup/fun-stuff-central-blutopia-tfp-jan-9-2026
KEEPFM	https://www.tfcstats.com/pickup/fun-stuff-east-castra-b6-may-19-2026
KENQLD	https://www.tfcstats.com/pickup/fun-stuff-east-blutopia-tfp-jun-9-2026
KFAYCM	https://www.tfcstats.com/pickup/fun-stuff-alchimy-lg-oct-24-2025-1
KFBC26	https://www.tfcstats.com/pickup/fun-stuff-central-monkey-lg-jan-21-2026
KFHKQ2	https://www.tfcstats.com/pickup/fun-stuff-east-schtop-feb-18-2026
KFZ52J	https://www.tfcstats.com/pickup/fun-stuff-east-monkey-lg-nov-5-2025
KGHCCR	https://www.tfcstats.com/pickup/fun-stuff-round-1-score-20-monkey-lg-oct-18-2025
KHGRGN	https://www.tfcstats.com/pickup/fun-stuff-central-phantom-lg-mar-9-2026
KHJX26	https://www.tfcstats.com/pickup/fun-stuff-central-toasted-b16-dec-10-2025
KHL7Q4	https://www.tfcstats.com/pickup/fun-stuff-east-stormz2-lg-dec-5-2025
KJCLJT	https://www.tfcstats.com/pickup/fun-stuff-east-raiden9-may-5-2026
KKYJK6	https://www.tfcstats.com/pickup/fun-stuff-central-voltage-lg-jan-11-2026
KLYW5K	https://www.tfcstats.com/pickup/fun-stuff-central-fry-baked-lg-dec-29-2025
KMAKHG	https://www.tfcstats.com/pickup/fun-stuff-shutdown2-lg2-oct-24-2025
KMH9J9	https://www.tfcstats.com/pickup/fun-stuff-east-phantom-lg-nov-9-2025
KN7UB5	https://www.tfcstats.com/pickup/fun-stuff-east-phantom-lg-nov-6-2025
KPD95T	https://www.tfcstats.com/pickup/fun-stuff-central-alchimy-lg-apr-10-2026
KPN2DC	https://www.tfcstats.com/pickup/fun-stuff-east-voltage-lg-may-7-2026
KPSJ39	https://www.tfcstats.com/pickup/fun-stuff-2mesa3-lg-oct-30-2025
KPXP2R	https://www.tfcstats.com/pickup/fun-stuff-east-siege-apr-18-2026-1
KRAE3B	https://www.tfcstats.com/pickup/fun-stuff-east-openfire-lowgrens-may-31-2026
KRJ9MJ	https://www.tfcstats.com/pickup/fun-stuff-east-phantom-lg-may-30-2026
KSJPMR	https://www.tfcstats.com/pickup/fun-stuff-east-raiden9-dec-22-2025
KT4KX7	https://www.tfcstats.com/pickup/fun-stuff-east-cranked-nov-30-2025
KT8EGC	https://www.tfcstats.com/pickup/fun-stuff-central-stormz2-lg-mar-28-2026
KTLWPL	https://www.tfcstats.com/pickup/fun-stuff-east-openfire-lowgrens-jun-8-2026
KTVABP	https://www.tfcstats.com/pickup/fun-stuff-datchurch-oct-21-2025
KV3RFF	https://www.tfcstats.com/pickup/fun-stuff-east-siden-lg-dec-14-2025
KVKEWF	https://www.tfcstats.com/pickup/fun-stuff-east-cranked-jun-9-2026
KWK4KV	https://www.tfcstats.com/pickup/fun-stuff-east-phantom-lg-dec-10-2025
KX4H3D	https://www.tfcstats.com/pickup/fun-stuff-central-openfire-lowgrens-jun-13-2026
KXGKXG	https://www.tfcstats.com/pickup/fun-stuff-east-demolish2-b4r-dec-10-2025
KXRBPU	https://www.tfcstats.com/pickup/fun-stuff-siden-lg-oct-20-2025
KY9CJY	https://www.tfcstats.com/pickup/fun-stuff-central-phantom-lg-jun-10-2026
KYHGZF	https://www.tfcstats.com/pickup/fun-stuff-central-demolish2-b5-jan-30-2026
KYLW7Q	https://www.tfcstats.com/pickup/fun-stuff-east-siege-apr-16-2026
KYN38E	https://www.tfcstats.com/pickup/fun-stuff-central-demolish2-b5-jan-26-2026
KYPKHS	https://www.tfcstats.com/pickup/fun-stuff-round-1-score-50-voltage-lg-oct-16-2025
KYXCY8	https://www.tfcstats.com/pickup/fun-stuff-central-raiden9-mar-29-2026
KZA55P	https://www.tfcstats.com/pickup/fun-stuff-central-raiden9-dec-8-2025
KZPWD3	https://www.tfcstats.com/pickup/fun-stuff-central-raiden9-jan-5-2026
KZXX2U	https://www.tfcstats.com/pickup/fun-stuff-east-phantom-lg-feb-3-2026
L2QEQT	https://www.tfcstats.com/pickup/fun-stuff-east-stormz2-lg-may-26-2026
L2SEPS	https://www.tfcstats.com/pickup/fun-stuff-east-monkey-lg-mar-21-2026
L2TAAY	https://www.tfcstats.com/pickup/fun-stuff-east-alchimy-lg-apr-27-2026
L2XKAA	https://www.tfcstats.com/pickup/fun-stuff-east-cranked-jun-17-2026
L3Q9WR	https://www.tfcstats.com/pickup/fun-stuff-central-fry-baked-lg-jan-18-2026
L44669	https://www.tfcstats.com/pickup/fun-stuff-central-stormz2-lg-may-20-2026
L6XWG7	https://www.tfcstats.com/pickup/fun-stuff-central-stormz2-lg-apr-24-2026
L7BZY6	https://www.tfcstats.com/pickup/fun-stuff-central-waterwar-lg-jan-8-2026
L7ZCW7	https://www.tfcstats.com/pickup/fun-stuff-central-phantom-lg-apr-24-2026
L8A8TN	https://www.tfcstats.com/pickup/fun-stuff-central-monkey-lg-mar-17-2026
L94M6T	https://www.tfcstats.com/pickup/fun-stuff-phantom-lg-oct-24-2025
LBD637	https://www.tfcstats.com/pickup/fun-stuff-central-schtop-nov-11-2025
LBJC7T	https://www.tfcstats.com/pickup/fun-stuff-central-blutopia-tfp-nov-26-2025
LBM3NB	https://www.tfcstats.com/pickup/fun-stuff-central-alchimy-lg-dec-13-2025-1
LBM46G	https://www.tfcstats.com/pickup/fun-stuff-central-siege-mar-11-2026
LCYY5T	https://www.tfcstats.com/pickup/fun-stuff-central-demolish2-b6-feb-10-2026
LD7WN4	https://www.tfcstats.com/pickup/fun-stuff-east-cranked-jan-29-2026
LE7GCZ	https://www.tfcstats.com/pickup/fun-stuff-east-schtop-jun-8-2026
LFAPVT	https://www.tfcstats.com/pickup/fun-stuff-round-1-score-90-castra-b4-oct-14-2025
LG3A2M	https://www.tfcstats.com/pickup/fun-stuff-round-1-score-70-stormz2-lg-oct-14-2025
LGT2KE	https://www.tfcstats.com/pickup/fun-stuff-central-siege-dec-31-2025
LJG8J5	https://www.tfcstats.com/pickup/fun-stuff-central-alchimy-lg-may-1-2026
LJHWMP	https://www.tfcstats.com/pickup/fun-stuff-central-cranked-feb-7-2026
LJPKE3	https://www.tfcstats.com/pickup/fun-stuff-central-waterwar-lg-dec-8-2025
LJY6FJ	https://www.tfcstats.com/pickup/fun-stuff-central-nexus-b4-apr-17-2026
LKBAFH	https://www.tfcstats.com/pickup/fun-stuff-central-alchimy-lg-jun-4-2026
LLA3Q7	https://www.tfcstats.com/pickup/fun-stuff-central-monkey-lg-mar-25-2026
LLE8QT	https://www.tfcstats.com/pickup/fun-stuff-east-alchimy-lg-apr-16-2026
LMYNP4	https://www.tfcstats.com/pickup/fun-stuff-round-1-score-50-demolish2-b4r-oct-14-2025
LMZCMY	https://www.tfcstats.com/pickup/fun-stuff-central-castra-b5-dec-11-2025
LN9MY8	https://www.tfcstats.com/pickup/fun-stuff-east-stormz2-lg-jun-7-2026
LNHZ36	https://www.tfcstats.com/pickup/fun-stuff-east-blutopia-tfp-mar-1-2026
LNTVU4	https://www.tfcstats.com/pickup/fun-stuff-cranked-oct-29-2025
LP3D9A	https://www.tfcstats.com/pickup/fun-stuff-central-stormz2-lg-dec-22-2025
LPJW7Y	https://www.tfcstats.com/pickup/fun-stuff-central-shutdown2-lg2-dec-29-2025
LPLMFC	https://www.tfcstats.com/pickup/fun-stuff-east-raiden9-feb-2-2026
LPWV69	https://www.tfcstats.com/pickup/fun-stuff-central-phantom-lg-apr-28-2026
LQPCE3	https://www.tfcstats.com/pickup/fun-stuff-east-snow-gutter-nov-17-2025
LQYTWU	https://www.tfcstats.com/pickup/fun-stuff-east-shutdown2-lg2-mar-9-2026
LTJVXE	https://www.tfcstats.com/pickup/fun-stuff-east-stormz2-lg-mar-10-2026
LUX3W2	https://www.tfcstats.com/pickup/fun-stuff-central-shutdown2-lg2-jan-1-2026
LV4F78	https://www.tfcstats.com/pickup/fun-stuff-central-openfire-lowgrens-dec-3-2025
LVKMSX	https://www.tfcstats.com/pickup/fun-stuff-east-stormz2-lg-jan-12-2026
LWMSK7	https://www.tfcstats.com/pickup/fun-stuff-central-stormz2-lg-mar-7-2026
LWQTLS	https://www.tfcstats.com/pickup/fun-stuff-central-castra-b5-nov-11-2025
LWYYYA	https://www.tfcstats.com/pickup/fun-stuff-phantom-lg-oct-25-2025
LXE9NG	https://www.tfcstats.com/pickup/fun-stuff-round-1-score-52-raiden9-oct-19-2025
LY27ZY	https://www.tfcstats.com/pickup/fun-stuff-central-snow-gutter-may-26-2026
LYBWLP	https://www.tfcstats.com/pickup/fun-stuff-central-schtop-may-22-2026
LYW6S6	https://www.tfcstats.com/pickup/fun-stuff-central-phantom-lg-jan-7-2026
LZT757	https://www.tfcstats.com/pickup/fun-stuff-central-toasted-b16-dec-6-2025
M2PBGK	https://www.tfcstats.com/pickup/fun-stuff-east-siege-apr-9-2026
M37TEQ	https://www.tfcstats.com/pickup/fun-stuff-east-toasted-b16-feb-15-2026
M3SRQP	https://www.tfcstats.com/pickup/fun-stuff-central-toasted-b16-nov-20-2025
M444AL	https://www.tfcstats.com/pickup/fun-stuff-east-raiden9-may-26-2026
M5J7FY	https://www.tfcstats.com/pickup/fun-stuff-west-shutdown2-lg2-jun-19-2026
M5JB9J	https://www.tfcstats.com/pickup/fun-stuff-central-schtop-dec-27-2025
M5PQPH	https://www.tfcstats.com/pickup/fun-stuff-central-demolish2-b5-feb-6-2026
M5YW4X	https://www.tfcstats.com/pickup/fun-stuff-blutopia-tfp-oct-24-2025
M5ZNKB	https://www.tfcstats.com/pickup/fun-stuff-central-schtop-apr-29-2026
M6RAN6	https://www.tfcstats.com/pickup/fun-stuff-central-copper2-dec-31-1969
M7D3NS	https://www.tfcstats.com/pickup/fun-stuff-central-siden-lg-nov-18-2025
M89XBU	https://www.tfcstats.com/pickup/fun-stuff-central-stormz2-lg-may-1-2026
M8YN4D	https://www.tfcstats.com/pickup/fun-stuff-east-mm-crossfaded2-b9-nov-15-2025
M9GMJP	https://www.tfcstats.com/pickup/fun-stuff-east-raiden9-mar-16-2026
MA9UA3	https://www.tfcstats.com/pickup/fun-stuff-east-alchimy-lg-feb-22-2026
MANNJP	https://www.tfcstats.com/pickup/fun-stuff-east-toasted-b16-nov-17-2025
MBUA29	https://www.tfcstats.com/pickup/fun-stuff-central-demolish2-b4r-dec-2-2025
MD6JN3	https://www.tfcstats.com/pickup/fun-stuff-central-demolish2-b4r-dec-5-2025
MDA7QK	https://www.tfcstats.com/pickup/fun-stuff-round-1-score-80-demolish2-b4r-oct-13-2025
MECWCS	https://www.tfcstats.com/pickup/fun-stuff-breakout-ost-b2-dec-31-1969
MEM7W9	https://www.tfcstats.com/pickup/fun-stuff-central-stormz2-lg-jan-23-2026
MFE792	https://www.tfcstats.com/pickup/fun-stuff-east-monkey-lg-feb-2-2026
MFH5EL	https://www.tfcstats.com/pickup/fun-stuff-central-monkey-lg-nov-17-2025
MG78BT	https://www.tfcstats.com/pickup/fun-stuff-central-alchimy-lg-jan-13-2026
MGQNN4	https://www.tfcstats.com/pickup/fun-stuff-central-viridian-may-16-2026
MGQQNV	https://www.tfcstats.com/pickup/fun-stuff-mm-crossfaded2-b9-oct-27-2025
MGU5MS	https://www.tfcstats.com/pickup/fun-stuff-east-raiden9-mar-30-2026
MH8C43	https://www.tfcstats.com/pickup/fun-stuff-central-phantom-lg-dec-9-2025
MHHWQZ	https://www.tfcstats.com/pickup/fun-stuff-round-1-score-63-ostargh-dec-31-1969
MHXXSF	https://www.tfcstats.com/pickup/fun-stuff-central-raiden9-jan-22-2026
MHY8PP	https://www.tfcstats.com/pickup/fun-stuff-central-phantom-lg-may-12-2026
MJDLGL	https://www.tfcstats.com/pickup/fun-stuff-east-shutdown2-lg2-may-19-2026
MJPCEH	https://www.tfcstats.com/pickup/fun-stuff-central-phantom-lg-nov-16-2025
MKGENG	https://www.tfcstats.com/pickup/fun-stuff-central2-openfire-lowgrens-jun-12-2026
ML4KQY	https://www.tfcstats.com/pickup/fun-stuff-central-monkey-lg-apr-9-2026
MLF48J	https://www.tfcstats.com/pickup/fun-stuff-central-alchimy-lg-apr-7-2026
MNJC8K	https://www.tfcstats.com/pickup/fun-stuff-central-siege-mar-8-2026
MNR9FP	https://www.tfcstats.com/pickup/fun-stuff-central-phantom-lg-nov-21-2025
MPK46C	https://www.tfcstats.com/pickup/fun-stuff-west-schtop-jun-15-2026
MPWZP7	https://www.tfcstats.com/pickup/fun-stuff-east-siege-may-29-2026
MPYTXH	https://www.tfcstats.com/pickup/fun-stuff-central-raiden9-apr-6-2026
MQGJ26	https://www.tfcstats.com/pickup/fun-stuff-east-raiden9-mar-28-2026
MQRT52	https://www.tfcstats.com/pickup/fun-stuff-central-alchimy-lg-dec-10-2025
MQT2BU	https://www.tfcstats.com/pickup/fun-stuff-east-siege-dec-23-2025
MQX8PB	https://www.tfcstats.com/pickup/fun-stuff-round-1-score-110-blutopia-tfp-oct-15-2025
MSHCSX	https://www.tfcstats.com/pickup/fun-stuff-east-monkey-lg-apr-12-2026
MT2XDX	https://www.tfcstats.com/pickup/fun-stuff-phantom-lg-oct-20-2025
MU9FEZ	https://www.tfcstats.com/pickup/fun-stuff-east-demolish2-b6-jun-9-2026
MV7BAX	https://www.tfcstats.com/pickup/fun-stuff-east-pitfall-dec-8-2025
MVDVW4	https://www.tfcstats.com/pickup/fun-stuff-central-congestus-lg-dec-28-2025
MVMPTL	https://www.tfcstats.com/pickup/fun-stuff-round-1-score-50-schtop-oct-17-2025
MVZG47	https://www.tfcstats.com/pickup/fun-stuff-central-phantom-lg-mar-22-2026
MW8DYB	https://www.tfcstats.com/pickup/fun-stuff-central-alchimy-lg-dec-20-2025
MW8EY9	https://www.tfcstats.com/pickup/fun-stuff-central-alchimy-lg-apr-22-2026
MWNPEW	https://www.tfcstats.com/pickup/fun-stuff-round-1-score-60-demolish2-b4r-oct-18-2025
MX3B9L	https://www.tfcstats.com/pickup/fun-stuff-central-cranked-jan-31-2026
MXCAGS	https://www.tfcstats.com/pickup/fun-stuff-central-openfire-lowgrens-apr-14-2026
MXSN46	https://www.tfcstats.com/pickup/fun-stuff-central-cranked-nov-16-2025-1
MYJ99W	https://www.tfcstats.com/pickup/fun-stuff-east-demolish2-b5-feb-8-2026
MZP93X	https://www.tfcstats.com/pickup/fun-stuff-central-alchimy-lg-feb-14-2026
MZPCQN	https://www.tfcstats.com/pickup/fun-stuff-central-blutopia-tfp-dec-17-2025
MZPG58	https://www.tfcstats.com/pickup/fun-stuff-east-openfire-lowgrens-may-3-2026
MZZE4Z	https://www.tfcstats.com/pickup/fun-stuff-central-cranked-jan-3-2026
N2DSUF	https://www.tfcstats.com/pickup/fun-stuff-central-monkey-lg-apr-16-2026
N32EP2	https://www.tfcstats.com/pickup/fun-stuff-east-raiden9-jun-10-2026
N38H7L	https://www.tfcstats.com/pickup/fun-stuff-central-stormz2-lg-dec-19-2025
N3JLBA	https://www.tfcstats.com/pickup/fun-stuff-central-raiden9-nov-7-2025
N3MNPB	https://www.tfcstats.com/pickup/fun-stuff-east-blutopia-tfp-mar-10-2026
N473FJ	https://www.tfcstats.com/pickup/fun-stuff-east-raiden9-dec-3-2025
N4R939	https://www.tfcstats.com/pickup/fun-stuff-east-raiden9-apr-20-2026
N4ZEBX	https://www.tfcstats.com/pickup/fun-stuff-east-turbowave-b3-dec-23-2025
N532BN	https://www.tfcstats.com/pickup/fun-stuff-central-siege-jun-5-2026
N562XJ	https://www.tfcstats.com/pickup/fun-stuff-east-stormz2-lg-feb-4-2026
N69Y6Q	https://www.tfcstats.com/pickup/fun-stuff-central-fry-baked-lg-jan-9-2026
N7PUVU	https://www.tfcstats.com/pickup/fun-stuff-east-snow-gutter-apr-5-2026
N8DJQC	https://www.tfcstats.com/pickup/fun-stuff-central-cranked-nov-14-2025
N8WBXH	https://www.tfcstats.com/pickup/fun-stuff-east-demolish2-b4r-dec-16-2025
N9XSTJ	https://www.tfcstats.com/pickup/fun-stuff-east-monkey-lg-may-20-2026
NA3XXU	https://www.tfcstats.com/pickup/fun-stuff-east-mm-crossfaded2-b9-dec-30-2025
NA4M56	https://www.tfcstats.com/pickup/fun-stuff-east-demolish2-b6-mar-30-2026
NAFRUB	https://www.tfcstats.com/pickup/fun-stuff-east-siege-mar-7-2026
NAL9UQ	https://www.tfcstats.com/pickup/fun-stuff-east-castra-b6-jun-11-2026
NAUANT	https://www.tfcstats.com/pickup/fun-stuff-east-schtop-dec-7-2025
NB8QR9	https://www.tfcstats.com/pickup/fun-stuff-east-toasted-b16-jun-20-2026
NCEGCV	https://www.tfcstats.com/pickup/fun-stuff-central-stormz2-lg-mar-4-2026
ND4WQF	https://www.tfcstats.com/pickup/fun-stuff-east-cranked-apr-2-2026
NDNK9N	https://www.tfcstats.com/pickup/fun-stuff-central-castra-b5-nov-19-2025
NDZPDL	https://www.tfcstats.com/pickup/fun-stuff-east-fry-baked-lg-mar-15-2026
NEQFUD	https://www.tfcstats.com/pickup/fun-stuff-east-alchimy-lg-jun-8-2026
NETFPL	https://www.tfcstats.com/pickup/fun-stuff-east-monkey-lg-feb-3-2026
NETYJF	https://www.tfcstats.com/pickup/fun-stuff-east-cranked-feb-12-2026
NEVGXD	https://www.tfcstats.com/pickup/fun-stuff-east-alchimy-lg-feb-20-2026-1
NEZ8DP	https://www.tfcstats.com/pickup/fun-stuff-monkey-lg-oct-26-2025
NF7BJA	https://www.tfcstats.com/pickup/fun-stuff-central-alchimy-lg-jan-10-2026
NG9542	https://www.tfcstats.com/pickup/fun-stuff-central-schtop-dec-28-2025
NHHHST	https://www.tfcstats.com/pickup/fun-stuff-east-stormz2-lg-feb-5-2026
NJVAMQ	https://www.tfcstats.com/pickup/fun-stuff-round-1-score-70-cranked-oct-16-2025
NL57D3	https://www.tfcstats.com/pickup/fun-stuff-central-demolish2-b6-mar-26-2026
NLEDCN	https://www.tfcstats.com/pickup/fun-stuff-central-openfire-lowgrens-mar-13-2026
NLKZZA	https://www.tfcstats.com/pickup/fun-stuff-east-monkey-lg-feb-6-2026-1
NLW4PH	https://www.tfcstats.com/pickup/fun-stuff-central-alchimy-lg-may-16-2026
NM8HLT	https://www.tfcstats.com/pickup/fun-stuff-central-siege-jun-3-2026
NNAUET	https://www.tfcstats.com/pickup/fun-stuff-east-stormz2-lg-feb-7-2026
NNPQAL	https://www.tfcstats.com/pickup/fun-stuff-central-cranked-nov-5-2025
NPCLUR	https://www.tfcstats.com/pickup/fun-stuff-central-siege-jun-1-2026
NPRDHD	https://www.tfcstats.com/pickup/fun-stuff-round-1-score-60-stormz2-lg-oct-14-2025
NPTLTE	https://www.tfcstats.com/pickup/fun-stuff-central-fry-baked-lg-apr-20-2026
NQFGZA	https://www.tfcstats.com/pickup/fun-stuff-central-demolish2-b6-feb-16-2026
NQRWEE	https://www.tfcstats.com/pickup/fun-stuff-central-phantom-lg-nov-7-2025
NQZ2RJ	https://www.tfcstats.com/pickup/fun-stuff-central-castra-b5-dec-27-2025
NSPMYW	https://www.tfcstats.com/pickup/fun-stuff-central-fry-baked-lg-dec-8-2025
NSQPYC	https://www.tfcstats.com/pickup/fun-stuff-central-openfire-lowgrens-jan-4-2026
NU9ZXU	https://www.tfcstats.com/pickup/fun-stuff-east-alchimy-lg-dec-5-2025
NVHTKD	https://www.tfcstats.com/pickup/fun-stuff-central-phantom-lg-feb-10-2026
NVWDXT	https://www.tfcstats.com/pickup/fun-stuff-central-demolish2-b6-may-15-2026
NVZEXB	https://www.tfcstats.com/pickup/fun-stuff-east-raiden9-jun-7-2026
NW2XRG	https://www.tfcstats.com/pickup/fun-stuff-east-phantom-lg-feb-1-2026
NWR67R	https://www.tfcstats.com/pickup/fun-stuff-east-demolish2-b4r-dec-14-2025
NX7N6B	https://www.tfcstats.com/pickup/fun-stuff-east-siege-nov-7-2025
NXLVU6	https://www.tfcstats.com/pickup/fun-stuff-east-raiden9-apr-19-2026
NY68WB	https://www.tfcstats.com/pickup/fun-stuff-phantom-lg-oct-26-2025
NYC3HF	https://www.tfcstats.com/pickup/fun-stuff-central-openfire-lowgrens-apr-16-2026
NYPNZN	https://www.tfcstats.com/pickup/fun-stuff-central-siege-nov-9-2025
NZZLZU	https://www.tfcstats.com/pickup/fun-stuff-east-raiden9-feb-13-2026
P27YEF	https://www.tfcstats.com/pickup/fun-stuff-east-alchimy-lg-feb-28-2026
P2V82U	https://www.tfcstats.com/pickup/fun-stuff-central-snow-gutter-dec-31-2025
P3BVZQ	https://www.tfcstats.com/pickup/fun-stuff-central-cranked-feb-21-2026
P53HHW	https://www.tfcstats.com/pickup/fun-stuff-central-siege-nov-14-2025
P5NFUB	https://www.tfcstats.com/pickup/fun-stuff-central-snow-gutter-apr-19-2026
P6VGW6	https://www.tfcstats.com/pickup/fun-stuff-central-cranked-jun-6-2026-1
P7BASL	https://www.tfcstats.com/pickup/fun-stuff-east-nexus-b4-mar-17-2026
P7LK5X	https://www.tfcstats.com/pickup/fun-stuff-central-schtop-nov-4-2025
P8DQPN	https://www.tfcstats.com/pickup/fun-stuff-east-mm-crossfaded2-b9-jun-7-2026
P8HLX5	https://www.tfcstats.com/pickup/fun-stuff-central-raiden9-dec-29-2025
P9GASS	https://www.tfcstats.com/pickup/fun-stuff-central-siege-apr-4-2026
P9V9JE	https://www.tfcstats.com/pickup/fun-stuff-central-stormz2-lg-mar-26-2026
PA27D5	https://www.tfcstats.com/pickup/fun-stuff-central-shutdown2-lg2-apr-18-2026
PA8N8Y	https://www.tfcstats.com/pickup/fun-stuff-viridian-oct-30-2025
PAM5QY	https://www.tfcstats.com/pickup/fun-stuff-central-stormz2-lg-mar-13-2026
PC5ERP	https://www.tfcstats.com/pickup/fun-stuff-east-raiden9-apr-27-2026
PCAPAE	https://www.tfcstats.com/pickup/fun-stuff-round-1-score-80-phantom-lg-oct-18-2025
PCQ3TA	https://www.tfcstats.com/pickup/fun-stuff-central-schtop-nov-23-2025
PDUSSE	https://www.tfcstats.com/pickup/fun-stuff-east-monkey-lg-nov-21-2025
PDWEUQ	https://www.tfcstats.com/pickup/fun-stuff-central-blutopia-tfp-nov-21-2025
PFW4DL	https://www.tfcstats.com/pickup/fun-stuff-east-stormz2-lg-jun-13-2026
PFZAV4	https://www.tfcstats.com/pickup/fun-stuff-demolish2-b4r-oct-22-2025
PGBDZB	https://www.tfcstats.com/pickup/fun-stuff-east-nexus-b4-apr-13-2026
PHLT9D	https://www.tfcstats.com/pickup/fun-stuff-east-siden-lg-jan-4-2026
PHY2US	https://www.tfcstats.com/pickup/fun-stuff-central-mortality-lg-feb-25-2026
PKGCX3	https://www.tfcstats.com/pickup/fun-stuff-round-1-score-70-toasted-b16-oct-15-2025
PKLEBT	https://www.tfcstats.com/pickup/fun-stuff-east-blutopia-tfp-feb-26-2026
PLLAEL	https://www.tfcstats.com/pickup/fun-stuff-east-stormz2-lg-nov-14-2025
PMVKJY	https://www.tfcstats.com/pickup/fun-stuff-central-phantom-lg-nov-11-2025
PNRDSM	https://www.tfcstats.com/pickup/fun-stuff-central-viridian-apr-13-2026
PNSCR7	https://www.tfcstats.com/pickup/fun-stuff-central-blutopia-tfp-dec-30-2025
PNZMHY	https://www.tfcstats.com/pickup/fun-stuff-central-siege-dec-29-2025
PNZWJE	https://www.tfcstats.com/pickup/fun-stuff-east-siege-feb-13-2026
PPC429	https://www.tfcstats.com/pickup/fun-stuff-east-monkey-lg-may-26-2026
PPDLJM	https://www.tfcstats.com/pickup/fun-stuff-central-cranked-jan-6-2026
PPFWET	https://www.tfcstats.com/pickup/fun-stuff-central-siege-nov-5-2025
PPH2LT	https://www.tfcstats.com/pickup/fun-stuff-central-demolish2-b6-feb-26-2026
PQ46P7	https://www.tfcstats.com/pickup/fun-stuff-central-phantom-lg-jan-10-2026
PQCFNN	https://www.tfcstats.com/pickup/fun-stuff-alchimy-lg-nov-3-2025
PQSAM9	https://www.tfcstats.com/pickup/fun-stuff-east-monkey-lg-may-11-2026
PRRUW6	https://www.tfcstats.com/pickup/fun-stuff-central2-castra-b6-jun-12-2026
PTA7F8	https://www.tfcstats.com/pickup/fun-stuff-central-stormz2-lg-nov-23-2025
PUSCC8	https://www.tfcstats.com/pickup/fun-stuff-east-openfire-lowgrens-jan-13-2026
PUX39D	https://www.tfcstats.com/pickup/fun-stuff-central-cranked-nov-12-2025
PW8VSL	https://www.tfcstats.com/pickup/fun-stuff-east-schtop-jan-12-2026
PWHXQR	https://www.tfcstats.com/pickup/fun-stuff-central-alchimy-lg-jan-20-2026
PWJGRN	https://www.tfcstats.com/pickup/fun-stuff-east-stormz2-lg-jan-6-2026
PWKQWG	https://www.tfcstats.com/pickup/fun-stuff-east-schtop-mar-1-2026
PWX87N	https://www.tfcstats.com/pickup/fun-stuff-east-snow-gutter-mar-14-2026
PX68FN	https://www.tfcstats.com/pickup/fun-stuff-schtop-oct-27-2025
PXDHYH	https://www.tfcstats.com/pickup/fun-stuff-central-raiden9-feb-14-2026
PY9HBG	https://www.tfcstats.com/pickup/fun-stuff-central-castra-b5-dec-8-2025
PYG984	https://www.tfcstats.com/pickup/fun-stuff-alchimy-lg-oct-22-2025
PYLWZX	https://www.tfcstats.com/pickup/fun-stuff-central-alchimy-lg-apr-4-2026
PZ8G5B	https://www.tfcstats.com/pickup/fun-stuff-central-raiden9-dec-18-2025
PZB66Y	https://www.tfcstats.com/pickup/fun-stuff-central-stormz2-lg-feb-16-2026
PZSTE4	https://www.tfcstats.com/pickup/fun-stuff-east-cranked-feb-28-2026
Q26RW7	https://www.tfcstats.com/pickup/fun-stuff-central-alchimy-lg-jan-15-2026
Q2LDDV	https://www.tfcstats.com/pickup/fun-stuff-east-phantom-lg-nov-28-2025
Q2ZFZK	https://www.tfcstats.com/pickup/fun-stuff-east-siege-apr-18-2026
Q3CMKE	https://www.tfcstats.com/pickup/fun-stuff-east-siege-feb-1-2026
Q439MA	https://www.tfcstats.com/pickup/fun-stuff-central-stormz2-lg-nov-17-2025-1
Q6JYKW	https://www.tfcstats.com/pickup/fun-stuff-east-raiden9-feb-19-2026
Q82WL2	https://www.tfcstats.com/pickup/fun-stuff-alchimy-lg-oct-20-2025
Q8A2WK	https://www.tfcstats.com/pickup/fun-stuff-central-orbit-tfp-jan-1-2026
Q8E4TM	https://www.tfcstats.com/pickup/fun-stuff-east-schtop-jun-17-2026
Q8JA5S	https://www.tfcstats.com/pickup/fun-stuff-east-siege-nov-23-2025
Q8P42V	https://www.tfcstats.com/pickup/fun-stuff-central-turbowave-b3-dec-11-2025
Q9M5KT	https://www.tfcstats.com/pickup/fun-stuff-central-stormz2-lg-dec-1-2025
Q9YT46	https://www.tfcstats.com/pickup/fun-stuff-central-demolish2-b6-apr-16-2026
QALMD3	https://www.tfcstats.com/pickup/fun-stuff-central-phantom-lg-mar-25-2026
QAN5C4	https://www.tfcstats.com/pickup/fun-stuff-central-alchimy-lg-may-26-2026
QAP5Y2	https://www.tfcstats.com/pickup/fun-stuff-central-turbowave-b3-dec-31-2025
QB5XDQ	https://www.tfcstats.com/pickup/fun-stuff-central-shutdown2-lg2-mar-10-2026
QBX5JU	https://www.tfcstats.com/pickup/fun-stuff-central-schtop-jan-10-2026
QD4JV3	https://www.tfcstats.com/pickup/fun-stuff-central-shutdown2-lg2-feb-11-2026
QENU3L	https://www.tfcstats.com/pickup/fun-stuff-east-2mesa3-lg-jan-2-2026
QEX7NK	https://www.tfcstats.com/pickup/fun-stuff-central-phantom-lg-feb-5-2026
QF4UTQ	https://www.tfcstats.com/pickup/fun-stuff-central-siege-mar-19-2026
QFJWCL	https://www.tfcstats.com/pickup/fun-stuff-east-cranked-mar-27-2026
QFK33M	https://www.tfcstats.com/pickup/fun-stuff-central-fry-baked-lg-dec-25-2025
QFRG8K	https://www.tfcstats.com/pickup/fun-stuff-central-cranked-apr-27-2026
QFTUJH	https://www.tfcstats.com/pickup/fun-stuff-central-phantom-lg-jan-2-2026
QGCXQ8	https://www.tfcstats.com/pickup/fun-stuff-east-cranked-apr-3-2026
QHNJWS	https://www.tfcstats.com/pickup/fun-stuff-central-alchimy-lg-mar-15-2026
QJCKRS	https://www.tfcstats.com/pickup/fun-stuff-central-cranked-dec-14-2025
QJZ568	https://www.tfcstats.com/pickup/fun-stuff-central-stormz2-lg-mar-6-2026
QK4VDA	https://www.tfcstats.com/pickup/fun-stuff-east-monkey-lg-feb-18-2026
QKHZ2M	https://www.tfcstats.com/pickup/fun-stuff-central-snow-gutter-nov-15-2025
QLATAM	https://www.tfcstats.com/pickup/fun-stuff-central-alchimy-lg-nov-23-2025
QLXKMS	https://www.tfcstats.com/pickup/fun-stuff-east-alchimy-lg-mar-21-2026
QM6HPQ	https://www.tfcstats.com/pickup/fun-stuff-central-alchimy-lg-dec-28-2025
QMPYSB	https://www.tfcstats.com/pickup/fun-stuff-central-cranked-jun-10-2026
QMVKA9	https://www.tfcstats.com/pickup/fun-stuff-central-schtop-jan-7-2026
QN3CZF	https://www.tfcstats.com/pickup/fun-stuff-central-demolish2-b6-mar-4-2026
QN7BUD	https://www.tfcstats.com/pickup/fun-stuff-east-cranked-mar-15-2026
QNDS43	https://www.tfcstats.com/pickup/fun-stuff-east-demolish2-b6-may-30-2026
QP5Q6A	https://www.tfcstats.com/pickup/fun-stuff-central-siege-mar-10-2026
QPVEQ5	https://www.tfcstats.com/pickup/fun-stuff-east-alchimy-lg-jun-9-2026
QQJKX4	https://www.tfcstats.com/pickup/fun-stuff-central-blutopia-tfp-feb-21-2026
QR5NY3	https://www.tfcstats.com/pickup/fun-stuff-central-blutopia-tfp-mar-14-2026
QR6Y4J	https://www.tfcstats.com/pickup/fun-stuff-central2-monkey-lg-jun-10-2026
QR8MV4	https://www.tfcstats.com/pickup/fun-stuff-central-mortality-lg-nov-7-2025
QRD5RU	https://www.tfcstats.com/pickup/fun-stuff-central-alchimy-lg-mar-3-2026
QRERDF	https://www.tfcstats.com/pickup/fun-stuff-central-shutdown2-lg2-may-15-2026
QSC2PK	https://www.tfcstats.com/pickup/fun-stuff-cranked-oct-30-2025
QSNSL2	https://www.tfcstats.com/pickup/fun-stuff-east-schtop-mar-4-2026
QT5RA9	https://www.tfcstats.com/pickup/fun-stuff-east-alchimy-lg-mar-13-2026
QUUL4Z	https://www.tfcstats.com/pickup/fun-stuff-central-schtop-jan-26-2026
QVG585	https://www.tfcstats.com/pickup/fun-stuff-central-nexus-b4-feb-15-2026
QVL54D	https://www.tfcstats.com/pickup/fun-stuff-east-schtop-dec-23-2025
QWJXAR	https://www.tfcstats.com/pickup/fun-stuff-east-phantom-lg-mar-7-2026
QX4V67	https://www.tfcstats.com/pickup/fun-stuff-central-ss-nyx-ectfc-dec-8-2025
QZK3KK	https://www.tfcstats.com/pickup/fun-stuff-east-schtop-mar-28-2026-1
QZRYQ2	https://www.tfcstats.com/pickup/fun-stuff-spaceape-l-oct-28-2025
R2B7HK	https://www.tfcstats.com/pickup/fun-stuff-east-schtop-nov-16-2025
R2QG4L	https://www.tfcstats.com/pickup/fun-stuff-east-raiden9-apr-3-2026-1
R2QU2Q	https://www.tfcstats.com/pickup/fun-stuff-central-schtop-nov-22-2025
R2RFLH	https://www.tfcstats.com/pickup/fun-stuff-central-siege-dec-2-2025
R2UNJS	https://www.tfcstats.com/pickup/fun-stuff-east-cranked-mar-17-2026
R5VEME	https://www.tfcstats.com/pickup/fun-stuff-central-phantom-lg-dec-29-2025
R67BLZ	https://www.tfcstats.com/pickup/fun-stuff-central-ss-nyx-ectfc-nov-22-2025
R68JCA	https://www.tfcstats.com/pickup/fun-stuff-central-schtop-jun-11-2026
R7C2ME	https://www.tfcstats.com/pickup/fun-stuff-central-fry-baked-lg-feb-1-2026
R7XAVU	https://www.tfcstats.com/pickup/fun-stuff-central-alchimy-lg-dec-23-2025
R8PBG5	https://www.tfcstats.com/pickup/fun-stuff-east-alchimy-lg-nov-6-2025
R8RPA4	https://www.tfcstats.com/pickup/fun-stuff-central-siege-jan-25-2026
R935XP	https://www.tfcstats.com/pickup/fun-stuff-east-massive2-b7-jun-15-2026
R9J6RQ	https://www.tfcstats.com/pickup/fun-stuff-east-monkey-lg-may-12-2026
R9JZPN	https://www.tfcstats.com/pickup/fun-stuff-central-monkey-lg-dec-12-2025
RAZQKM	https://www.tfcstats.com/pickup/fun-stuff-central-phantom-lg-jan-11-2026
RB3AHU	https://www.tfcstats.com/pickup/fun-stuff-central-siege-jan-4-2026
RB4ZNL	https://www.tfcstats.com/pickup/fun-stuff-stormz2-lg-oct-23-2025
RBELAZ	https://www.tfcstats.com/pickup/fun-stuff-east-phantom-lg-jun-9-2026
RBFV79	https://www.tfcstats.com/pickup/fun-stuff-east-turbowave-b3-nov-8-2025
RBGNLK	https://www.tfcstats.com/pickup/fun-stuff-east-mortality-lg-nov-6-2025
RCSNRC	https://www.tfcstats.com/pickup/fun-stuff-central-openfire-lowgrens-apr-17-2026
RDKB4D	https://www.tfcstats.com/pickup/fun-stuff-east-demolish2-b4r-nov-14-2025
RDLMWV	https://www.tfcstats.com/pickup/fun-stuff-central-schtop-dec-9-2025
RDP9JD	https://www.tfcstats.com/pickup/fun-stuff-central-openfire-lowgrens-feb-28-2026
RFQHG9	https://www.tfcstats.com/pickup/fun-stuff-west-toasted-b16-jun-16-2026
RHBGFA	https://www.tfcstats.com/pickup/fun-stuff-central-spaceape-l-nov-12-2025
RHD5D5	https://www.tfcstats.com/pickup/fun-stuff-east-openfire-lowgrens-mar-8-2026
RHJ2QQ	https://www.tfcstats.com/pickup/fun-stuff-central-demolish2-b5-jan-6-2026
RHS872	https://www.tfcstats.com/pickup/fun-stuff-east-phantom-lg-apr-4-2026
RHX8Y7	https://www.tfcstats.com/pickup/fun-stuff-central-openfire-lowgrens-apr-20-2026
RKX6XQ	https://www.tfcstats.com/pickup/fun-stuff-central2-raiden9-jun-16-2026
RLBQ6H	https://www.tfcstats.com/pickup/fun-stuff-central-toasted-b16-jan-23-2026
RLNV7V	https://www.tfcstats.com/pickup/fun-stuff-east-blutopia-tfp-apr-5-2026
RN76FJ	https://www.tfcstats.com/pickup/fun-stuff-east-siege-may-17-2026
RNSVNZ	https://www.tfcstats.com/pickup/fun-stuff-central-monkey-lg-jan-10-2026
RP8GR5	https://www.tfcstats.com/pickup/fun-stuff-central-alchimy-lg-may-24-2026
RP8ZGR	https://www.tfcstats.com/pickup/fun-stuff-east-phantom-lg-apr-18-2026
RPFMDY	https://www.tfcstats.com/pickup/fun-stuff-east-phantom-lg-mar-19-2026
RQ4BTZ	https://www.tfcstats.com/pickup/fun-stuff-central-schtop-apr-16-2026
RQGXFP	https://www.tfcstats.com/pickup/fun-stuff-east-siege-mar-3-2026
RQYJQG	https://www.tfcstats.com/pickup/fun-stuff-central-monkey-lg-mar-26-2026
RR5EPA	https://www.tfcstats.com/pickup/fun-stuff-east-raiden9-jun-17-2026
RSDD8Q	https://www.tfcstats.com/pickup/fun-stuff-central-stowaway2-lg2-mar-31-2026
RSNVSD	https://www.tfcstats.com/pickup/fun-stuff-central-proton-l-jan-17-2026
RSVWS2	https://www.tfcstats.com/pickup/fun-stuff-alchimy-lg-oct-19-2025
RTCZDJ	https://www.tfcstats.com/pickup/fun-stuff-central-orbit-tfp-dec-11-2025
RTK8Q3	https://www.tfcstats.com/pickup/fun-stuff-central-cranked-apr-9-2026
RTQGN3	https://www.tfcstats.com/pickup/fun-stuff-central-demolish2-b4r-dec-28-2025
RTSSLR	https://www.tfcstats.com/pickup/fun-stuff-central-stormz2-lg-jan-26-2026
RTZQNY	https://www.tfcstats.com/pickup/fun-stuff-central-phantom-lg-jan-20-2026
RU955E	https://www.tfcstats.com/pickup/fun-stuff-central-blutopia-tfp-nov-9-2025
RUPZ4K	https://www.tfcstats.com/pickup/fun-stuff-central-stormz3-b2-nov-22-2025
RUUPN6	https://www.tfcstats.com/pickup/fun-stuff-central-schtop-dec-5-2025
RVN467	https://www.tfcstats.com/pickup/fun-stuff-east-monkey-lg-jun-15-2026
RWKBHQ	https://www.tfcstats.com/pickup/fun-stuff-east-demolish2-b6-mar-2-2026
RWTYAV	https://www.tfcstats.com/pickup/fun-stuff-east-alchimy-lg-jan-6-2026
RX373L	https://www.tfcstats.com/pickup/fun-stuff-east-alchimy-lg-mar-4-2026
RX4S4H	https://www.tfcstats.com/pickup/fun-stuff-east-cranked-mar-15-2026-1
RXRZ5Z	https://www.tfcstats.com/pickup/fun-stuff-central-schtop-apr-22-2026
RYMR8Q	https://www.tfcstats.com/pickup/fun-stuff-monkey-lg-oct-23-2025
RYYA7G	https://www.tfcstats.com/pickup/fun-stuff-central-schtop-apr-13-2026
RZG4J9	https://www.tfcstats.com/pickup/fun-stuff-central-cranked-jan-4-2026
RZRUT3	https://www.tfcstats.com/pickup/fun-stuff-central-raiden9-jan-30-2026
RZYW8K	https://www.tfcstats.com/pickup/fun-stuff-central-siege-apr-1-2026
S297F5	https://www.tfcstats.com/pickup/fun-stuff-east-cranked-dec-21-2025
S2AF8Z	https://www.tfcstats.com/pickup/fun-stuff-east-raiden9-may-17-2026
S2BX5C	https://www.tfcstats.com/pickup/fun-stuff-east-raiden9-jun-2-2026
S2NTSJ	https://www.tfcstats.com/pickup/fun-stuff-central-blutopia-tfp-may-5-2026
S3CYKV	https://www.tfcstats.com/pickup/fun-stuff-east-stowaway2-lg2-jan-25-2026
S3D8PQ	https://www.tfcstats.com/pickup/fun-stuff-central-demolish2-b5-dec-29-2025
S3H6RJ	https://www.tfcstats.com/pickup/fun-stuff-central-stowaway2-lg2-feb-7-2026
S459Z2	https://www.tfcstats.com/pickup/fun-stuff-central-alchimy-lg-mar-22-2026
S4CJ64	https://www.tfcstats.com/pickup/fun-stuff-east-monkey-lg-may-18-2026
S54CLC	https://www.tfcstats.com/pickup/fun-stuff-schtop-oct-29-2025
S6A3QP	https://www.tfcstats.com/pickup/fun-stuff-central-phantom-lg-dec-27-2025
S6PXUP	https://www.tfcstats.com/pickup/fun-stuff-east-phantom-lg-jun-19-2026
S79PBE	https://www.tfcstats.com/pickup/fun-stuff-blutopia-tfp-oct-21-2025
S7ECW2	https://www.tfcstats.com/pickup/fun-stuff-central-fry-baked-lg-mar-16-2026
S7NV29	https://www.tfcstats.com/pickup/fun-stuff-east-schtop-feb-3-2026
S7R7DJ	https://www.tfcstats.com/pickup/fun-stuff-central-monkey-lg-dec-31-2025-1
S83QSX	https://www.tfcstats.com/pickup/fun-stuff-central-stormz2-lg-nov-11-2025
S9S6M9	https://www.tfcstats.com/pickup/fun-stuff-central-demolish2-b5-jan-20-2026
S9UKQQ	https://www.tfcstats.com/pickup/fun-stuff-east-shutdown2-lg2-feb-1-2026
SDPR9K	https://www.tfcstats.com/pickup/fun-stuff-central-monkey-lg-jan-8-2026
SE8WVA	https://www.tfcstats.com/pickup/fun-stuff-central-stormz2-lg-mar-1-2026
SE966X	https://www.tfcstats.com/pickup/fun-stuff-central2-snow-gutter-jun-10-2026
SHBSLZ	https://www.tfcstats.com/pickup/fun-stuff-east-siege-dec-16-2025
SHPVDF	https://www.tfcstats.com/pickup/fun-stuff-central-cranked-dec-29-2025
SHUY2B	https://www.tfcstats.com/pickup/fun-stuff-east-alchimy-lg-apr-14-2026
SHX8VR	https://www.tfcstats.com/pickup/fun-stuff-east-schtop-nov-29-2025
SJ2CAS	https://www.tfcstats.com/pickup/fun-stuff-east-blutopia-tfp-apr-22-2026
SJYPB9	https://www.tfcstats.com/pickup/fun-stuff-east-schtop-mar-13-2026
SLVZ5L	https://www.tfcstats.com/pickup/fun-stuff-central-raiden9-may-30-2026
SM6YVH	https://www.tfcstats.com/pickup/fun-stuff-central-phantom-lg-feb-21-2026
SM7N9M	https://www.tfcstats.com/pickup/fun-stuff-demolish2-b4r-oct-20-2025
SMJC4L	https://www.tfcstats.com/pickup/fun-stuff-round-1-score-40-shutdown2-lg2-oct-15-2025
SN6B9D	https://www.tfcstats.com/pickup/fun-stuff-central-alchimy-lg-nov-16-2025
SNPTJA	https://www.tfcstats.com/pickup/fun-stuff-central-cranked-nov-16-2025
SP8EJB	https://www.tfcstats.com/pickup/fun-stuff-central-alchimy-lg-dec-29-2025
SPF34V	https://www.tfcstats.com/pickup/fun-stuff-east-siege-apr-26-2026
SPFLLS	https://www.tfcstats.com/pickup/fun-stuff-central2-raiden9-jun-14-2026
SQESV8	https://www.tfcstats.com/pickup/fun-stuff-central-copper2-dec-31-1969-2
SRDFXX	https://www.tfcstats.com/pickup/fun-stuff-central-phantom-lg-feb-8-2026
SSEJUD	https://www.tfcstats.com/pickup/fun-stuff-demolish2-b4r-oct-25-2025
SU8ZTC	https://www.tfcstats.com/pickup/fun-stuff-central-cranked-mar-21-2026
SUBUZM	https://www.tfcstats.com/pickup/fun-stuff-ksour-dec-31-1969
SV6LL8	https://www.tfcstats.com/pickup/fun-stuff-central-siden-lg-apr-5-2026
SV8966	https://www.tfcstats.com/pickup/fun-stuff-east-shutdown2-lg2-may-2-2026
SWERLQ	https://www.tfcstats.com/pickup/fun-stuff-east-raiden9-jun-12-2026
SWKUAC	https://www.tfcstats.com/pickup/fun-stuff-raiden9-oct-20-2025
SWMYDN	https://www.tfcstats.com/pickup/fun-stuff-central-cranked-jan-9-2026
SZ9VEM	https://www.tfcstats.com/pickup/fun-stuff-central-alchimy-lg-feb-23-2026
SZKAGG	https://www.tfcstats.com/pickup/fun-stuff-central-demolish2-b6-mar-22-2026
SZQPTA	https://www.tfcstats.com/pickup/fun-stuff-east-demolish2-b6-feb-21-2026
T22HCM	https://www.tfcstats.com/pickup/fun-stuff-east-cranked-feb-17-2026
T35G5B	https://www.tfcstats.com/pickup/fun-stuff-central-siege-dec-8-2025
T3G6CV	https://www.tfcstats.com/pickup/fun-stuff-central-castra-b5-nov-12-2025
T5P553	https://www.tfcstats.com/pickup/fun-stuff-central-phantom-lg-jan-3-2026
T6CJT3	https://www.tfcstats.com/pickup/fun-stuff-central-stormz2-lg-apr-30-2026
T755T4	https://www.tfcstats.com/pickup/fun-stuff-central-phantom-lg-dec-5-2025
T7S4TM	https://www.tfcstats.com/pickup/fun-stuff-central-cranked-apr-23-2026
T88CX3	https://www.tfcstats.com/pickup/fun-stuff-central-blutopia-tfp-dec-31-2025
T8C9XC	https://www.tfcstats.com/pickup/fun-stuff-east-stormz2-lg-apr-18-2026
T8HH2M	https://www.tfcstats.com/pickup/fun-stuff-central-stormz2-lg-jan-19-2026-1
T9H4V8	https://www.tfcstats.com/pickup/fun-stuff-east-schtop-may-30-2026
T9U7GN	https://www.tfcstats.com/pickup/fun-stuff-central-castra-b5-nov-5-2025
T9ZLFC	https://www.tfcstats.com/pickup/fun-stuff-central-raiden9-may-25-2026
TC7MF9	https://www.tfcstats.com/pickup/fun-stuff-central2-monkey-lg-jun-14-2026
TCNUZF	https://www.tfcstats.com/pickup/fun-stuff-cranked-oct-20-2025
TD472T	https://www.tfcstats.com/pickup/fun-stuff-east-raiden9-jun-6-2026
TDLSRH	https://www.tfcstats.com/pickup/fun-stuff-central-stormz2-lg-apr-7-2026
TEPQG5	https://www.tfcstats.com/pickup/fun-stuff-central-stowaway2-lg2-may-23-2026
TFAS7Q	https://www.tfcstats.com/pickup/fun-stuff-east-blutopia-tfp-jan-19-2026
TFBJ3C	https://www.tfcstats.com/pickup/fun-stuff-west-alchimy-lg-jun-15-2026
TFKML9	https://www.tfcstats.com/pickup/fun-stuff-central-waterwar-lg-may-28-2026
TG74C4	https://www.tfcstats.com/pickup/fun-stuff-central-siege-jan-7-2026
TGEPCY	https://www.tfcstats.com/pickup/fun-stuff-central-demolish2-b5-jan-5-2026
TGUZX8	https://www.tfcstats.com/pickup/fun-stuff-east-brutalist-b8-apr-27-2026
TH4BGH	https://www.tfcstats.com/pickup/fun-stuff-central-schtop-may-4-2026
TKJB7H	https://www.tfcstats.com/pickup/fun-stuff-central-alchimy-lg-feb-4-2026
TLSQGL	https://www.tfcstats.com/pickup/fun-stuff-east-waterwar-lg-feb-11-2026
TM56CS	https://www.tfcstats.com/pickup/fun-stuff-stormz2-lg-oct-29-2025
TM9T9L	https://www.tfcstats.com/pickup/fun-stuff-congestus-lg-oct-21-2025
TMJP3N	https://www.tfcstats.com/pickup/fun-stuff-east-phantom-lg-dec-5-2025
TMVL6G	https://www.tfcstats.com/pickup/fun-stuff-central-blutopia-tfp-may-3-2026
TN49J9	https://www.tfcstats.com/pickup/fun-stuff-central-alchimy-lg-jun-10-2026
TN4UJL	https://www.tfcstats.com/pickup/fun-stuff-central-demolish2-b5-feb-5-2026
TNWV6R	https://www.tfcstats.com/pickup/fun-stuff-central-monkey-lg-nov-14-2025
TNX895	https://www.tfcstats.com/pickup/fun-stuff-central2-demolish2-b6-jun-13-2026
TP3RJ6	https://www.tfcstats.com/pickup/fun-stuff-central-raiden9-nov-13-2025
TQELAF	https://www.tfcstats.com/pickup/fun-stuff-central-voltage-lg-jan-7-2026
TQEUGK	https://www.tfcstats.com/pickup/fun-stuff-central-voltage-lg-dec-28-2025
TQZECZ	https://www.tfcstats.com/pickup/fun-stuff-east-shutdown2-lg2-feb-8-2026
TRGGVJ	https://www.tfcstats.com/pickup/fun-stuff-central-schtop-jan-24-2026
TS6YVP	https://www.tfcstats.com/pickup/fun-stuff-central-schtop-dec-5-2025-1
TS9UDC	https://www.tfcstats.com/pickup/fun-stuff-east-shutdown2-lg2-nov-11-2025
TSCU4C	https://www.tfcstats.com/pickup/fun-stuff-east-stormz2-lg-apr-3-2026
TSUBK6	https://www.tfcstats.com/pickup/fun-stuff-central-stormz2-lg-apr-16-2026
TT2UGQ	https://www.tfcstats.com/pickup/fun-stuff-east-castra-b6-may-31-2026
TTX9WJ	https://www.tfcstats.com/pickup/fun-stuff-central-blutopia-tfp-dec-10-2025
TUB64M	https://www.tfcstats.com/pickup/fun-stuff-voltage-lg-oct-30-2025
TUKJ5C	https://www.tfcstats.com/pickup/fun-stuff-east-congestus-lg-feb-25-2026
TVTEFB	https://www.tfcstats.com/pickup/fun-stuff-central-shutdown2-lg2-mar-14-2026
TVTR66	https://www.tfcstats.com/pickup/fun-stuff-central-alchimy-lg-apr-12-2026
TWFM5V	https://www.tfcstats.com/pickup/fun-stuff-east-monkey-lg-apr-2-2026
TWHYWG	https://www.tfcstats.com/pickup/fun-stuff-monkey-lg-oct-22-2025
TXZLX5	https://www.tfcstats.com/pickup/fun-stuff-central-demolish2-b6-jun-3-2026
TY2DDA	https://www.tfcstats.com/pickup/fun-stuff-central-alchimy-lg-apr-3-2026
TY4KJ5	https://www.tfcstats.com/pickup/fun-stuff-central-raiden9-feb-10-2026
TY7Y5N	https://www.tfcstats.com/pickup/fun-stuff-central-stormz2-lg-may-19-2026
TYECJD	https://www.tfcstats.com/pickup/fun-stuff-central-schtop-jan-20-2026
TYPFBN	https://www.tfcstats.com/pickup/fun-stuff-central-stormz2-lg-nov-26-2025
TYVCD8	https://www.tfcstats.com/pickup/fun-stuff-central-openfire-lowgrens-jan-4-2026-1
TYVVTR	https://www.tfcstats.com/pickup/fun-stuff-cranked-oct-23-2025
TZ279Z	https://www.tfcstats.com/pickup/fun-stuff-central-phantom-lg-mar-29-2026
TZW72V	https://www.tfcstats.com/pickup/fun-stuff-central-monkey-lg-feb-23-2026
U3AEYB	https://www.tfcstats.com/pickup/fun-stuff-turbowave-b3-oct-27-2025
U3E2D9	https://www.tfcstats.com/pickup/fun-stuff-east-shutdown2-lg2-feb-24-2026
U3SL8K	https://www.tfcstats.com/pickup/fun-stuff-east-cranked-mar-9-2026
U4EF2G	https://www.tfcstats.com/pickup/fun-stuff-central-openfire-lowgrens-may-28-2026
U4FQYX	https://www.tfcstats.com/pickup/fun-stuff-central-phantom-lg-apr-15-2026
U4LTA8	https://www.tfcstats.com/pickup/fun-stuff-east-fry-baked-lg-feb-13-2026
U4TQ7X	https://www.tfcstats.com/pickup/fun-stuff-east-alchimy-lg-mar-29-2026
U5BA8E	https://www.tfcstats.com/pickup/fun-stuff-central-blutopia-tfp-feb-5-2026
U5DRM8	https://www.tfcstats.com/pickup/fun-stuff-central-mortality-lg-jan-23-2026
U7FKRK	https://www.tfcstats.com/pickup/fun-stuff-central-phantom-lg-mar-17-2026
U7N4E8	https://www.tfcstats.com/pickup/fun-stuff-central-waterwar-lg-jan-24-2026
U7RLBU	https://www.tfcstats.com/pickup/fun-stuff-central-cranked-jan-8-2026
U7TPLE	https://www.tfcstats.com/pickup/fun-stuff-central-asti-r-dec-31-1969
U88HCL	https://www.tfcstats.com/pickup/fun-stuff-east-schtop-feb-24-2026
U8M5VS	https://www.tfcstats.com/pickup/fun-stuff-east-spaceape-l-dec-18-2025
U8RBMD	https://www.tfcstats.com/pickup/fun-stuff-phantom-lg-oct-29-2025
U8U2HV	https://www.tfcstats.com/pickup/fun-stuff-east-stowaway2-lg2-jan-13-2026
U9GZ2Y	https://www.tfcstats.com/pickup/fun-stuff-central-cranked-nov-11-2025
U9LYQS	https://www.tfcstats.com/pickup/fun-stuff-east-phantom-lg-apr-17-2026
U9XGB5	https://www.tfcstats.com/pickup/fun-stuff-central-phantom-lg-jan-19-2026
UAVF8P	https://www.tfcstats.com/pickup/fun-stuff-central-siege-jan-8-2026
UCB6YY	https://www.tfcstats.com/pickup/fun-stuff-central-monkey-lg-dec-26-2025
UCFECQ	https://www.tfcstats.com/pickup/fun-stuff-central-stormz2-lg-feb-10-2026
UD6KW8	https://www.tfcstats.com/pickup/fun-stuff-east-schtop-jun-10-2026
UDT4CN	https://www.tfcstats.com/pickup/fun-stuff-west-monkey-lg-jun-16-2026
UDZNY8	https://www.tfcstats.com/pickup/fun-stuff-east-phantom-lg-jan-2-2026
UEFQGB	https://www.tfcstats.com/pickup/fun-stuff-central-fry-baked-lg-mar-7-2026
UERXMQ	https://www.tfcstats.com/pickup/fun-stuff-east-raiden9-dec-18-2025
UETVAP	https://www.tfcstats.com/pickup/fun-stuff-east-stormz2-lg-may-4-2026
UFYQ74	https://www.tfcstats.com/pickup/fun-stuff-east-schtop-may-20-2026
UG29PQ	https://www.tfcstats.com/pickup/fun-stuff-central-schtop-mar-11-2026
UGS7BA	https://www.tfcstats.com/pickup/fun-stuff-east-phantom-lg-apr-10-2026
UHEHAL	https://www.tfcstats.com/pickup/fun-stuff-central-raiden9-dec-5-2025
UHQZ94	https://www.tfcstats.com/pickup/fun-stuff-east-turbowave-b3-feb-2-2026
UJ2RFU	https://www.tfcstats.com/pickup/fun-stuff-east-blutopia-tfp-mar-8-2026
UJDBVR	https://www.tfcstats.com/pickup/fun-stuff-central-fry-baked-lg-may-19-2026
UJGABE	https://www.tfcstats.com/pickup/fun-stuff-east-monkey-lg-jan-29-2026
UJGBCU	https://www.tfcstats.com/pickup/fun-stuff-alchimy-lg-oct-27-2025
UJMCLG	https://www.tfcstats.com/pickup/fun-stuff-east-fry-baked-lg-may-1-2026
UJRCED	https://www.tfcstats.com/pickup/fun-stuff-central-spaceape-l-mar-23-2026
UKZKGF	https://www.tfcstats.com/pickup/fun-stuff-central-cranked-may-1-2026
UL4CN6	https://www.tfcstats.com/pickup/fun-stuff-east-fry-baked-lg-dec-15-2025
UL6QRF	https://www.tfcstats.com/pickup/fun-stuff-stormz2-lg-oct-21-2025
ULMV53	https://www.tfcstats.com/pickup/fun-stuff-central-ksour-dec-31-1969
ULYXXD	https://www.tfcstats.com/pickup/fun-stuff-east-monkey-lg-feb-14-2026
UM99NA	https://www.tfcstats.com/pickup/fun-stuff-round-1-score-50-viridian-oct-18-2025
UMQSDG	https://www.tfcstats.com/pickup/fun-stuff-east-phantom-lg-dec-1-2025
UN9FML	https://www.tfcstats.com/pickup/fun-stuff-central-monkey-lg-apr-26-2026
UNHK7A	https://www.tfcstats.com/pickup/fun-stuff-east-siege-mar-21-2026
UPH87L	https://www.tfcstats.com/pickup/fun-stuff-central-schtop-apr-14-2026
UQNDM8	https://www.tfcstats.com/pickup/fun-stuff-east-monkey-lg-feb-22-2026
URBS57	https://www.tfcstats.com/pickup/fun-stuff-central-monkey-lg-mar-28-2026
URW6XB	https://www.tfcstats.com/pickup/fun-stuff-east-stormz2-lg-dec-7-2025
USFU3H	https://www.tfcstats.com/pickup/fun-stuff-central-fry-baked-lg-dec-4-2025
USNXC7	https://www.tfcstats.com/pickup/fun-stuff-east-raiden9-nov-8-2025
UT2XYC	https://www.tfcstats.com/pickup/fun-stuff-central-fry-baked-lg-jan-15-2026
UU3GMU	https://www.tfcstats.com/pickup/fun-stuff-central-waterwar-lg-dec-31-2025
UUCT25	https://www.tfcstats.com/pickup/fun-stuff-central-castra-b6-may-25-2026
UVXB3F	https://www.tfcstats.com/pickup/fun-stuff-west-phantom-lg-jun-16-2026
UWHZXN	https://www.tfcstats.com/pickup/fun-stuff-central-nexus-b4-mar-13-2026
UWUTBG	https://www.tfcstats.com/pickup/fun-stuff-phantom-lg-oct-21-2025
UXYJ7U	https://www.tfcstats.com/pickup/fun-stuff-east-siege-feb-26-2026
UY5KVF	https://www.tfcstats.com/pickup/fun-stuff-central2-monkey-lg-jun-12-2026
UYBLG9	https://www.tfcstats.com/pickup/fun-stuff-alchimy-lg-oct-29-2025
UYLDXT	https://www.tfcstats.com/pickup/fun-stuff-central-openfire-lowgrens-jan-30-2026
V2JKQW	https://www.tfcstats.com/pickup/fun-stuff-central-phantom-lg-feb-18-2026
V2NS33	https://www.tfcstats.com/pickup/fun-stuff-central2-alchimy-lg-jun-12-2026
V2PKA4	https://www.tfcstats.com/pickup/fun-stuff-central-phantom-lg-feb-17-2026
V3CPPB	https://www.tfcstats.com/pickup/fun-stuff-central2-cranked-jun-12-2026
V3FNW2	https://www.tfcstats.com/pickup/fun-stuff-siege-nov-2-2025
V65F3E	https://www.tfcstats.com/pickup/fun-stuff-east-shutdown2-lg2-jun-5-2026
V6BD9W	https://www.tfcstats.com/pickup/fun-stuff-east-shutdown2-lg2-dec-19-2025
V6L99W	https://www.tfcstats.com/pickup/fun-stuff-east-mm-crossfaded2-b9-jan-1-2026
V6NVVM	https://www.tfcstats.com/pickup/fun-stuff-central-phantom-lg-feb-27-2026
V6XKS9	https://www.tfcstats.com/pickup/fun-stuff-demolish2-b4r-nov-1-2025
V7BAMR	https://www.tfcstats.com/pickup/fun-stuff-central-monkey-lg-apr-22-2026
V866EA	https://www.tfcstats.com/pickup/fun-stuff-east-raiden9-nov-30-2025
V9Q3D5	https://www.tfcstats.com/pickup/fun-stuff-central-demolish2-b6-may-12-2026
VA8CE7	https://www.tfcstats.com/pickup/fun-stuff-east-stowaway2-lg2-may-30-2026
VARQFZ	https://www.tfcstats.com/pickup/fun-stuff-central-mortality-lg-dec-2-2025
VATKJB	https://www.tfcstats.com/pickup/fun-stuff-central-blutopia-tfp-apr-10-2026
VBJT5X	https://www.tfcstats.com/pickup/fun-stuff-central-openfire-lowgrens-mar-18-2026
VC2M5H	https://www.tfcstats.com/pickup/fun-stuff-east-phantom-lg-feb-19-2026
VCACYQ	https://www.tfcstats.com/pickup/fun-stuff-central-siege-apr-19-2026
VCC6XN	https://www.tfcstats.com/pickup/fun-stuff-east-blutopia-tfp-feb-24-2026
VCL2BP	https://www.tfcstats.com/pickup/fun-stuff-central-snow-gutter-nov-29-2025
VCU5A3	https://www.tfcstats.com/pickup/fun-stuff-central-shutdown2-lg2-feb-27-2026
VD8DDD	https://www.tfcstats.com/pickup/fun-stuff-east-waterwar-lg-feb-22-2026
VDDU6W	https://www.tfcstats.com/pickup/fun-stuff-central-cranked-jan-25-2026
VDPNG8	https://www.tfcstats.com/pickup/fun-stuff-east-toasted-b16-apr-3-2026
VEDRZZ	https://www.tfcstats.com/pickup/fun-stuff-central-stormz2-lg-apr-20-2026
VF6EFS	https://www.tfcstats.com/pickup/fun-stuff-central-cranked-jan-18-2026
VFUSRL	https://www.tfcstats.com/pickup/fun-stuff-central-schtop-feb-25-2026
VGBEJ3	https://www.tfcstats.com/pickup/fun-stuff-east-schtop-mar-8-2026
VGS2FC	https://www.tfcstats.com/pickup/fun-stuff-central-raiden9-feb-18-2026
VGY7S4	https://www.tfcstats.com/pickup/fun-stuff-central-voltage-lg-feb-23-2026
VHQCKS	https://www.tfcstats.com/pickup/fun-stuff-east-alchimy-lg-mar-10-2026
VJAUQC	https://www.tfcstats.com/pickup/fun-stuff-central-monkey-lg-nov-7-2025
VJJCDU	https://www.tfcstats.com/pickup/fun-stuff-east-shutdown2-lg2-may-7-2026
VL8ZM9	https://www.tfcstats.com/pickup/fun-stuff-destroy-l-oct-27-2025
VML2CZ	https://www.tfcstats.com/pickup/fun-stuff-east-schtop-jan-18-2026
VMVXCT	https://www.tfcstats.com/pickup/fun-stuff-east-snow-gutter-nov-10-2025
VMZ5RJ	https://www.tfcstats.com/pickup/fun-stuff-east-alchimy-lg-mar-26-2026
VN26YX	https://www.tfcstats.com/pickup/fun-stuff-east-cranked-nov-10-2025
VPZVZW	https://www.tfcstats.com/pickup/fun-stuff-central-openfire-lowgrens-nov-17-2025
VQL74L	https://www.tfcstats.com/pickup/fun-stuff-central-turbowave-b3-dec-27-2025
VRE2LT	https://www.tfcstats.com/pickup/fun-stuff-east-raiden9-may-31-2026
VRR4BS	https://www.tfcstats.com/pickup/fun-stuff-east-stormz2-lg-jun-16-2026
VSZNF3	https://www.tfcstats.com/pickup/fun-stuff-central-demolish2-b4r-dec-5-2025-1
VT4U35	https://www.tfcstats.com/pickup/fun-stuff-cranked-oct-27-2025
VTUZT4	https://www.tfcstats.com/pickup/fun-stuff-central-stormz2-lg-nov-8-2025
VU6GNN	https://www.tfcstats.com/pickup/fun-stuff-central-schtop-nov-14-2025
VUDLZE	https://www.tfcstats.com/pickup/fun-stuff-toasted-b16-oct-31-2025
VV3ZZW	https://www.tfcstats.com/pickup/fun-stuff-east-raiden9-apr-16-2026
VV6UMJ	https://www.tfcstats.com/pickup/fun-stuff-east-raiden9-may-2-2026
VVFRXV	https://www.tfcstats.com/pickup/fun-stuff-east-castra-b5-dec-13-2025
VVSZDV	https://www.tfcstats.com/pickup/fun-stuff-central-demolish2-b4r-dec-9-2025
VWE3Q5	https://www.tfcstats.com/pickup/fun-stuff-east-alchimy-lg-jan-24-2026
VXAUAX	https://www.tfcstats.com/pickup/fun-stuff-central-stormz2-lg-may-15-2026
VY5H8R	https://www.tfcstats.com/pickup/fun-stuff-central-demolish2-b6-jun-8-2026-1
VYHA43	https://www.tfcstats.com/pickup/fun-stuff-central-openfire-lowgrens-dec-30-2025
VYHYVX	https://www.tfcstats.com/pickup/fun-stuff-central-cranked-feb-11-2026
VYQCUU	https://www.tfcstats.com/pickup/fun-stuff-east-phantom-lg-mar-13-2026
VYZHXU	https://www.tfcstats.com/pickup/fun-stuff-phantom-lg-oct-21-2025-1
VZ3U2E	https://www.tfcstats.com/pickup/fun-stuff-east-shutdown2-lg2-may-12-2026
VZKBQ9	https://www.tfcstats.com/pickup/fun-stuff-central-raiden9-feb-5-2026
W2TCMN	https://www.tfcstats.com/pickup/fun-stuff-round-1-score-50-waterwar-lg-oct-18-2025
W34E4B	https://www.tfcstats.com/pickup/fun-stuff-central-cranked-dec-16-2025
W3S8ZJ	https://www.tfcstats.com/pickup/fun-stuff-east-openfire-lowgrens-jun-2-2026
W3XL5V	https://www.tfcstats.com/pickup/fun-stuff-east-demolish2-b6-mar-23-2026
W4KN74	https://www.tfcstats.com/pickup/fun-stuff-central-fry-baked-lg-nov-15-2025
W4L5EA	https://www.tfcstats.com/pickup/fun-stuff-east-shutdown2-lg2-dec-6-2025
W67EQ9	https://www.tfcstats.com/pickup/fun-stuff-central-stormz2-lg-jan-17-2026
W6DBMS	https://www.tfcstats.com/pickup/fun-stuff-central-castra-b6-jun-20-2026
W6NPB4	https://www.tfcstats.com/pickup/fun-stuff-central-phantom-lg-jun-2-2026
W7YCQA	https://www.tfcstats.com/pickup/fun-stuff-shutdown2-lg2-oct-30-2025
W83QBG	https://www.tfcstats.com/pickup/fun-stuff-shutdown2-lg2-oct-26-2025
W8JKUK	https://www.tfcstats.com/pickup/fun-stuff-east-alchimy-lg-jan-8-2026
W8KJAG	https://www.tfcstats.com/pickup/fun-stuff-central-blutopia-tfp-jan-6-2026
W8PLEJ	https://www.tfcstats.com/pickup/fun-stuff-central-stormz2-lg-apr-24-2026-1
W8SMWZ	https://www.tfcstats.com/pickup/fun-stuff-central-orbit-tfp-feb-6-2026
W8WL23	https://www.tfcstats.com/pickup/fun-stuff-east-shutdown2-lg2-may-24-2026
W93GRW	https://www.tfcstats.com/pickup/fun-stuff-central-schtop-nov-30-2025
W9U5HG	https://www.tfcstats.com/pickup/fun-stuff-central-siege-mar-16-2026
W9UGH5	https://www.tfcstats.com/pickup/fun-stuff-east-demolish2-b6-mar-15-2026
W9Z7BX	https://www.tfcstats.com/pickup/fun-stuff-central-phantom-lg-jan-25-2026
WANLDS	https://www.tfcstats.com/pickup/fun-stuff-east-alchimy-lg-mar-2-2026
WAV5JG	https://www.tfcstats.com/pickup/fun-stuff-central-phantom-lg-jan-17-2026
WCBPTE	https://www.tfcstats.com/pickup/fun-stuff-east-mortality-lg-jan-2-2026
WD2WB7	https://www.tfcstats.com/pickup/fun-stuff-central-cranked-mar-23-2026
WDGPN6	https://www.tfcstats.com/pickup/fun-stuff-central-monkey-lg-mar-13-2026
WDKAFS	https://www.tfcstats.com/pickup/fun-stuff-central-stormz2-lg-mar-20-2026
WDPDP6	https://www.tfcstats.com/pickup/fun-stuff-east-phantom-lg-jun-5-2026
WERSFS	https://www.tfcstats.com/pickup/fun-stuff-central-monkey-lg-mar-6-2026
WGDAP7	https://www.tfcstats.com/pickup/fun-stuff-central-phantom-lg-jun-7-2026
WGE92P	https://www.tfcstats.com/pickup/fun-stuff-central-castra-b5-jan-22-2026
WH6T3Y	https://www.tfcstats.com/pickup/fun-stuff-central-schtop-jan-3-2026
WHRQGT	https://www.tfcstats.com/pickup/fun-stuff-central-schtop-jun-3-2026
WJLK43	https://www.tfcstats.com/pickup/fun-stuff-central2-phantom-lg-jun-11-2026
WJT6V3	https://www.tfcstats.com/pickup/fun-stuff-central-cranked-may-29-2026
WJVXNN	https://www.tfcstats.com/pickup/fun-stuff-demolish2-b4r-oct-21-2025
WKCNQC	https://www.tfcstats.com/pickup/fun-stuff-central-monkey-lg-jun-1-2026
WKNJV2	https://www.tfcstats.com/pickup/fun-stuff-central-monkey-lg-dec-31-2025
WKRW2D	https://www.tfcstats.com/pickup/fun-stuff-east-phantom-lg-mar-12-2026
WL4STL	https://www.tfcstats.com/pickup/fun-stuff-central-openfire-lowgrens-mar-25-2026
WL6YQ6	https://www.tfcstats.com/pickup/fun-stuff-round-1-score-50-monkey-lg-oct-14-2025
WLDYXU	https://www.tfcstats.com/pickup/fun-stuff-east-fry-baked-lg-nov-9-2025
WLJN6K	https://www.tfcstats.com/pickup/fun-stuff-east-phantom-lg-jun-12-2026
WM2XMK	https://www.tfcstats.com/pickup/fun-stuff-central2-alchimy-lg-jun-7-2026
WMGMZT	https://www.tfcstats.com/pickup/fun-stuff-east-cranked-jun-8-2026
WPB2D2	https://www.tfcstats.com/pickup/fun-stuff-central-alchimy-lg-dec-9-2025
WPMDAA	https://www.tfcstats.com/pickup/fun-stuff-east-monkey-lg-may-30-2026
WQ3358	https://www.tfcstats.com/pickup/fun-stuff-central-stormz2-lg-nov-30-2025
WRP4AR	https://www.tfcstats.com/pickup/fun-stuff-central-stormz2-lg-dec-13-2025
WRR97V	https://www.tfcstats.com/pickup/fun-stuff-central-siege-nov-10-2025
WSMZYN	https://www.tfcstats.com/pickup/fun-stuff-east-stormz2-lg-mar-2-2026
WU37N6	https://www.tfcstats.com/pickup/fun-stuff-east-phantom-lg-feb-22-2026
WU9RV9	https://www.tfcstats.com/pickup/fun-stuff-central-phantom-lg-jan-4-2026
WUXDNM	https://www.tfcstats.com/pickup/fun-stuff-east-demolish2-b6-feb-22-2026
WVARQJ	https://www.tfcstats.com/pickup/fun-stuff-east-cranked-mar-7-2026
WX88DS	https://www.tfcstats.com/pickup/fun-stuff-east-shutdown2-lg2-feb-3-2026
WXFG2Z	https://www.tfcstats.com/pickup/fun-stuff-central-schtop-apr-6-2026
WXPZ4L	https://www.tfcstats.com/pickup/fun-stuff-east-shutdown2-lg2-jun-17-2026
WZ8YSU	https://www.tfcstats.com/pickup/fun-stuff-central-monkey-lg-dec-5-2025
WZGW5S	https://www.tfcstats.com/pickup/fun-stuff-central2-demolish2-b6-jun-11-2026
X2X8Q3	https://www.tfcstats.com/pickup/fun-stuff-east-cranked-nov-29-2025
X3FKZD	https://www.tfcstats.com/pickup/fun-stuff-east-pitfall-feb-10-2026
X3TKMH	https://www.tfcstats.com/pickup/fun-stuff-central-blutopia-tfp-dec-28-2025
X42TVD	https://www.tfcstats.com/pickup/fun-stuff-central-snow-gutter-may-24-2026
X4DR8G	https://www.tfcstats.com/pickup/fun-stuff-central-cranked-mar-19-2026
X566X4	https://www.tfcstats.com/pickup/fun-stuff-east-mm-crossfaded2-b9-jan-27-2026
X56GBR	https://www.tfcstats.com/pickup/fun-stuff-west-snow-gutter-jun-18-2026
X5BLHN	https://www.tfcstats.com/pickup/fun-stuff-central-schtop-dec-3-2025
X5FXJ6	https://www.tfcstats.com/pickup/fun-stuff-central-orbit-tfp-feb-6-2026-1
X5NKL2	https://www.tfcstats.com/pickup/fun-stuff-central-schtop-nov-25-2025
X5Q7QJ	https://www.tfcstats.com/pickup/fun-stuff-central-alchimy-lg-may-14-2026
X5XVSE	https://www.tfcstats.com/pickup/fun-stuff-east-snow-gutter-apr-24-2026
X67E83	https://www.tfcstats.com/pickup/fun-stuff-east-raiden9-dec-16-2025
X6ECND	https://www.tfcstats.com/pickup/fun-stuff-cranked-oct-28-2025
X74TM4	https://www.tfcstats.com/pickup/fun-stuff-east-demolish2-b4r-nov-24-2025
X7MTX5	https://www.tfcstats.com/pickup/fun-stuff-east-phantom-lg-dec-31-2025
X7VM3L	https://www.tfcstats.com/pickup/fun-stuff-east-monkey-lg-jun-9-2026
X8UM4D	https://www.tfcstats.com/pickup/fun-stuff-east-monkey-lg-may-31-2026
X8YM8Z	https://www.tfcstats.com/pickup/fun-stuff-waterwar-lg-oct-28-2025
X9J7EZ	https://www.tfcstats.com/pickup/fun-stuff-east-demolish2-b6-apr-4-2026
XAQV9E	https://www.tfcstats.com/pickup/fun-stuff-stormz2-lg-oct-26-2025
XCFAA2	https://www.tfcstats.com/pickup/fun-stuff-east-stormz2-lg-jun-1-2026
XCMSEC	https://www.tfcstats.com/pickup/fun-stuff-central-blutopia-tfp-apr-28-2026
XCVLSU	https://www.tfcstats.com/pickup/fun-stuff-stormz2-lg-oct-30-2025
XD5TKP	https://www.tfcstats.com/pickup/fun-stuff-east-monkey-lg-feb-25-2026
XDRQCE	https://www.tfcstats.com/pickup/fun-stuff-central-monkey-lg-apr-3-2026
XDTAM3	https://www.tfcstats.com/pickup/fun-stuff-east-schtop-feb-8-2026
XEKA5H	https://www.tfcstats.com/pickup/fun-stuff-central-phantom-lg-apr-7-2026
XEP7QY	https://www.tfcstats.com/pickup/fun-stuff-east-blutopia-tfp-jun-3-2026
XEQ795	https://www.tfcstats.com/pickup/fun-stuff-fry-baked-lg-oct-29-2025
XEWS5J	https://www.tfcstats.com/pickup/fun-stuff-central-cranked-jan-7-2026
XFK527	https://www.tfcstats.com/pickup/fun-stuff-east-snow-gutter-apr-12-2026
XFLFRL	https://www.tfcstats.com/pickup/fun-stuff-demolish2-b4r-oct-26-2025
XGB37D	https://www.tfcstats.com/pickup/fun-stuff-east-shutdown2-lg2-nov-30-2025
XHFWL6	https://www.tfcstats.com/pickup/fun-stuff-central-openfire-lowgrens-jan-27-2026
XJWV6C	https://www.tfcstats.com/pickup/fun-stuff-central-stormz2-lg-feb-14-2026
XKKAWQ	https://www.tfcstats.com/pickup/fun-stuff-round-1-score-80-phantom-lg-oct-14-2025
XKLVYN	https://www.tfcstats.com/pickup/fun-stuff-central-cranked-nov-29-2025
XKMF4P	https://www.tfcstats.com/pickup/fun-stuff-east-monkey-lg-nov-30-2025
XKZRH3	https://www.tfcstats.com/pickup/fun-stuff-east-siden-lg-nov-5-2025
XL4K9C	https://www.tfcstats.com/pickup/fun-stuff-east-demolish2-b6-mar-19-2026
XLZXZK	https://www.tfcstats.com/pickup/fun-stuff-central-viridian-apr-30-2026
XMWZK2	https://www.tfcstats.com/pickup/fun-stuff-east-orbit-tfp-dec-23-2025
XPHPWK	https://www.tfcstats.com/pickup/fun-stuff-central-stormz2-lg-apr-4-2026-1
XPPFM3	https://www.tfcstats.com/pickup/fun-stuff-east-siege-jun-8-2026
XPV4DG	https://www.tfcstats.com/pickup/fun-stuff-east-demolish2-b4r-dec-23-2025
XQ74WA	https://www.tfcstats.com/pickup/fun-stuff-east-siege-jun-19-2026
XQV9QG	https://www.tfcstats.com/pickup/fun-stuff-central-fry-baked-lg-feb-14-2026
XR3N43	https://www.tfcstats.com/pickup/fun-stuff-mortality-lg-oct-26-2025
XR92TY	https://www.tfcstats.com/pickup/fun-stuff-central-castra-b6-mar-26-2026
XS4C68	https://www.tfcstats.com/pickup/fun-stuff-east-cranked-may-18-2026
XS6KEG	https://www.tfcstats.com/pickup/fun-stuff-central-voltage-lg-nov-7-2025
XT2MV8	https://www.tfcstats.com/pickup/fun-stuff-central-openfire-lowgrens-mar-11-2026
XTCC27	https://www.tfcstats.com/pickup/fun-stuff-central-raiden9-nov-16-2025
XTH5HA	https://www.tfcstats.com/pickup/fun-stuff-east-openfire-lowgrens-feb-1-2026
XU4LHW	https://www.tfcstats.com/pickup/fun-stuff-central-cranked-may-25-2026
XUCBA8	https://www.tfcstats.com/pickup/fun-stuff-central-toasted-b16-feb-26-2026
XUCDC6	https://www.tfcstats.com/pickup/fun-stuff-central-castra-b6-mar-17-2026
XUJDUQ	https://www.tfcstats.com/pickup/fun-stuff-east-schtop-dec-14-2025
XUNPTB	https://www.tfcstats.com/pickup/fun-stuff-east-shutdown2-lg2-apr-12-2026
XUPNNM	https://www.tfcstats.com/pickup/fun-stuff-east-schtop-apr-10-2026-1
XUUQLC	https://www.tfcstats.com/pickup/fun-stuff-central2-snow-gutter-jun-14-2026
XUWQY6	https://www.tfcstats.com/pickup/fun-stuff-central-monkey-lg-feb-12-2026
XUXSVZ	https://www.tfcstats.com/pickup/fun-stuff-central-openfire-lowgrens-jan-6-2026
XVD9UQ	https://www.tfcstats.com/pickup/fun-stuff-east-raiden9-jan-19-2026
XW2FCM	https://www.tfcstats.com/pickup/fun-stuff-central-schtop-nov-16-2025
XW2JJ7	https://www.tfcstats.com/pickup/fun-stuff-round-1-score-60-fry-baked-lg-oct-15-2025
XW9423	https://www.tfcstats.com/pickup/fun-stuff-central-alchimy-lg-nov-10-2025
XWM8K5	https://www.tfcstats.com/pickup/fun-stuff-central-cranked-jan-21-2026
XWPAFT	https://www.tfcstats.com/pickup/fun-stuff-central-siege-nov-30-2025
XXBSKV	https://www.tfcstats.com/pickup/fun-stuff-round-1-score-50-siden-lg-oct-14-2025
XXGXGM	https://www.tfcstats.com/pickup/fun-stuff-east-siege-feb-25-2026
XXWRNN	https://www.tfcstats.com/pickup/fun-stuff-central-alchimy-lg-apr-25-2026
XYEDFF	https://www.tfcstats.com/pickup/fun-stuff-central-copper2-dec-31-1969-3
XYW2EV	https://www.tfcstats.com/pickup/fun-stuff-castra-b4-oct-29-2025
Y2ALHW	https://www.tfcstats.com/pickup/fun-stuff-central-phantom-lg-may-16-2026
Y4Q45Z	https://www.tfcstats.com/pickup/fun-stuff-central-alchimy-lg-nov-22-2025
Y4W3X3	https://www.tfcstats.com/pickup/fun-stuff-central-waterwar-lg-mar-22-2026
Y5CKAM	https://www.tfcstats.com/pickup/fun-stuff-schtop-nov-3-2025
Y674HE	https://www.tfcstats.com/pickup/fun-stuff-central-breakout-ost-b2-dec-31-1969
Y67PRD	https://www.tfcstats.com/pickup/fun-stuff-east-monkey-lg-feb-10-2026
Y7RD9H	https://www.tfcstats.com/pickup/fun-stuff-central-fry-baked-lg-dec-13-2025
Y7UUW7	https://www.tfcstats.com/pickup/fun-stuff-central-cranked-jan-2-2026
Y8H9BE	https://www.tfcstats.com/pickup/fun-stuff-central-schtop-jan-9-2026
Y8QF9Q	https://www.tfcstats.com/pickup/fun-stuff-central-alchimy-lg-may-1-2026-1
Y92Y7D	https://www.tfcstats.com/pickup/fun-stuff-mm-crossfaded2-b9-oct-31-2025
Y963WL	https://www.tfcstats.com/pickup/fun-stuff-central-monkey-lg-mar-15-2026
Y9ENWR	https://www.tfcstats.com/pickup/fun-stuff-central-phantom-lg-jan-26-2026
YAKQUK	https://www.tfcstats.com/pickup/fun-stuff-central-toasted-b16-mar-15-2026
YB6V29	https://www.tfcstats.com/pickup/fun-stuff-east-monkey-lg-dec-19-2025
YBB958	https://www.tfcstats.com/pickup/fun-stuff-central-raiden9-jan-24-2026
YBQSHM	https://www.tfcstats.com/pickup/fun-stuff-east-openfire-lowgrens-jan-20-2026
YCSBVH	https://www.tfcstats.com/pickup/fun-stuff-waterwar-lg-oct-26-2025
YDSLHH	https://www.tfcstats.com/pickup/fun-stuff-round-1-score-90-snow-gutter-oct-14-2025
YEMTNY	https://www.tfcstats.com/pickup/fun-stuff-central-voltage-lg-dec-30-2025
YF3DJW	https://www.tfcstats.com/pickup/fun-stuff-central-castra-b5-feb-3-2026
YFYN6H	https://www.tfcstats.com/pickup/fun-stuff-east-siege-jan-28-2026
YKFKTS	https://www.tfcstats.com/pickup/fun-stuff-east-stormz2-lg-mar-21-2026
YL3YXY	https://www.tfcstats.com/pickup/fun-stuff-east-openfire-lowgrens-may-26-2026
YLG8CS	https://www.tfcstats.com/pickup/fun-stuff-central-siege-apr-5-2026
YM7V76	https://www.tfcstats.com/pickup/fun-stuff-central-monkey-lg-mar-20-2026
YN9AV4	https://www.tfcstats.com/pickup/fun-stuff-central-mm-crossfaded2-b9-jan-22-2026
YNK5R6	https://www.tfcstats.com/pickup/fun-stuff-central-avanti-dec-31-1969
YNM3S7	https://www.tfcstats.com/pickup/fun-stuff-central-phantom-lg-mar-30-2026
YPTBA8	https://www.tfcstats.com/pickup/fun-stuff-east-snow-gutter-jun-7-2026
YPVRFC	https://www.tfcstats.com/pickup/fun-stuff-east-schtop-mar-16-2026
YQ8VHA	https://www.tfcstats.com/pickup/fun-stuff-central-fry-baked-lg-jan-17-2026
YQ92NM	https://www.tfcstats.com/pickup/fun-stuff-east-castra-b6-may-7-2026
YQAUFP	https://www.tfcstats.com/pickup/fun-stuff-central-stormz2-lg-apr-21-2026
YQVKDS	https://www.tfcstats.com/pickup/fun-stuff-central-mm-crossfaded2-b9-nov-6-2025
YQYJL8	https://www.tfcstats.com/pickup/fun-stuff-central-phantom-lg-nov-17-2025
YT2EW5	https://www.tfcstats.com/pickup/fun-stuff-round-1-score-60-snow-gutter-oct-18-2025
YTKCEJ	https://www.tfcstats.com/pickup/fun-stuff-central-phantom-lg-mar-28-2026
YUAEEH	https://www.tfcstats.com/pickup/fun-stuff-central-openfire-lowgrens-may-1-2026
YV4SUK	https://www.tfcstats.com/pickup/fun-stuff-central-openfire-lowgrens-mar-17-2026
YV5HS5	https://www.tfcstats.com/pickup/fun-stuff-east-blutopia-tfp-mar-11-2026
YW38TT	https://www.tfcstats.com/pickup/fun-stuff-central-siege-may-26-2026
YW8AMM	https://www.tfcstats.com/pickup/fun-stuff-east-cranked-dec-23-2025
YYAQUA	https://www.tfcstats.com/pickup/fun-stuff-central-cranked-may-7-2026
YYREWV	https://www.tfcstats.com/pickup/fun-stuff-east-stormz2-lg-jun-4-2026
Z25MPS	https://www.tfcstats.com/pickup/fun-stuff-east-alchimy-lg-feb-21-2026
Z2CCKL	https://www.tfcstats.com/pickup/fun-stuff-central-raiden9-jan-2-2026
Z2GA26	https://www.tfcstats.com/pickup/fun-stuff-round-1-score-123-copper2-dec-31-1969-1
Z2JV7D	https://www.tfcstats.com/pickup/fun-stuff-central-alchimy-lg-feb-15-2026
Z3D9EN	https://www.tfcstats.com/pickup/fun-stuff-central-congestus-lg-jan-9-2026
Z44PDE	https://www.tfcstats.com/pickup/fun-stuff-east-stormz2-lg-mar-25-2026
Z6Q52D	https://www.tfcstats.com/pickup/fun-stuff-east-raiden9-apr-3-2026
Z6RVAU	https://www.tfcstats.com/pickup/fun-stuff-east-stormz2-lg-mar-14-2026
Z85VK9	https://www.tfcstats.com/pickup/fun-stuff-central-fry-baked-lg-nov-13-2025
Z8B7BZ	https://www.tfcstats.com/pickup/fun-stuff-west-openfire-lowgrens-jun-15-2026
Z8WSLS	https://www.tfcstats.com/pickup/fun-stuff-central-demolish2-b4r-nov-26-2025
Z95L7F	https://www.tfcstats.com/pickup/fun-stuff-round-1-score-60-alchimy-lg-oct-18-2025
ZB7MWE	https://www.tfcstats.com/pickup/fun-stuff-avanti-dec-31-1969
ZBE6EY	https://www.tfcstats.com/pickup/fun-stuff-central-raiden9-dec-29-2025-1
ZCAYTJ	https://www.tfcstats.com/pickup/fun-stuff-central-monkey-lg-jan-15-2026
ZCBRUW	https://www.tfcstats.com/pickup/fun-stuff-raiden9-oct-30-2025
ZDD838	https://www.tfcstats.com/pickup/fun-stuff-central-schtop-apr-24-2026
ZE8ZEJ	https://www.tfcstats.com/pickup/fun-stuff-central-monkey-lg-apr-24-2026
ZEFRTU	https://www.tfcstats.com/pickup/fun-stuff-central-blutopia-tfp-apr-14-2026
ZEGWDU	https://www.tfcstats.com/pickup/fun-stuff-east-cranked-mar-22-2026
ZF72TB	https://www.tfcstats.com/pickup/fun-stuff-east-cranked-mar-4-2026-1
ZGTUA4	https://www.tfcstats.com/pickup/fun-stuff-east-openfire-lowgrens-apr-10-2026
ZHA3EZ	https://www.tfcstats.com/pickup/fun-stuff-east-raiden9-mar-15-2026
ZJ3E2A	https://www.tfcstats.com/pickup/fun-stuff-central-phantom-lg-jan-9-2026
ZJLDBY	https://www.tfcstats.com/pickup/fun-stuff-central-siege-nov-8-2025
ZKF4KH	https://www.tfcstats.com/pickup/fun-stuff-east-siege-may-26-2026
ZKQNMX	https://www.tfcstats.com/pickup/fun-stuff-central-siege-mar-27-2026
ZM4XC4	https://www.tfcstats.com/pickup/fun-stuff-central-snow-gutter-jan-3-2026
ZN5FDD	https://www.tfcstats.com/pickup/fun-stuff-central-castra-b5-jan-9-2026
ZNU3KB	https://www.tfcstats.com/pickup/fun-stuff-central-cranked-dec-10-2025
ZNUNXR	https://www.tfcstats.com/pickup/fun-stuff-central-voltage-lg-nov-25-2025
ZPFMGL	https://www.tfcstats.com/pickup/fun-stuff-central-stormz2-lg-dec-31-2025-1
ZQAXB3	https://www.tfcstats.com/pickup/fun-stuff-central-openfire-lowgrens-jan-22-2026
ZSRLAK	https://www.tfcstats.com/pickup/fun-stuff-central-siege-dec-20-2025
ZTLWLZ	https://www.tfcstats.com/pickup/fun-stuff-east-siege-feb-6-2026
ZU3A4N	https://www.tfcstats.com/pickup/fun-stuff-stowaway2-lg2-oct-26-2025
ZV2GD5	https://www.tfcstats.com/pickup/fun-stuff-east-alchimy-lg-may-30-2026
ZVEWSP	https://www.tfcstats.com/pickup/fun-stuff-central-voltage-lg-nov-10-2025
ZVX4T9	https://www.tfcstats.com/pickup/fun-stuff-east-shutdown2-lg2-jan-6-2026
ZY84UA	https://www.tfcstats.com/pickup/fun-stuff-central-siege-mar-15-2026
ZYQSGG	https://www.tfcstats.com/pickup/fun-stuff-central-phantom-lg-mar-27-2026
ZYVCD5	https://www.tfcstats.com/pickup/fun-stuff-central-orbit-tfp-jan-6-2026
